ImageNumber,ObjectNumber,Location_Center_X,Location_Center_Y,Location_Center_Z,Number_Object_Number
1,1,496.3720930232558,8.333333333333334,0,1
1,2,56.926829268292686,10.432926829268293,0,2
1,3,399.07185628742513,19.461077844311376,0,3
1,4,486.2748815165877,29.587677725118482,0,4
1,5,20.16595744680851,33.42553191489362,0,5
1,6,291.06451612903226,29.72043010752688,0,6
1,7,399.6293706293706,31.433566433566433,0,7
1,8,435.90625,31.9125,0,8
1,9,388.9672131147541,38.442622950819676,0,9
1,10,500.40425531914894,40.96808510638298,0,10
1,11,307.3157894736842,42.08771929824562,0,11
1,12,398.012987012987,44.285714285714285,0,12
1,13,324.4051724137931,47.31896551724138,0,13
1,14,490.6442307692308,51.94230769230769,0,14
1,15,318.5929203539823,56.5929203539823,0,15
1,16,21.692307692307693,57.81118881118881,0,16
1,17,341.6875,65.9609375,0,17
1,18,460.4329268292683,65.26219512195122,0,18
1,19,382.3868613138686,67.75182481751825,0,19
1,20,363.86324786324786,73.47863247863248,0,20
1,21,424.7324561403509,72.40350877192982,0,21
1,22,295.06201550387595,77.35658914728683,0,22
1,23,410.3529411764706,76.4201680672269,0,23
1,24,392.4122807017544,76.05263157894737,0,24
1,25,60.945454545454545,78.48636363636363,0,25
1,26,489.40645161290325,80.41935483870968,0,26
1,27,258.0282485875706,83.9774011299435,0,27
1,28,503.4551724137931,84.38620689655173,0,28
1,29,324.87301587301585,86.41269841269842,0,29
1,30,372.1098901098901,85.88461538461539,0,30
1,31,416.73417721518985,86.26582278481013,0,31
1,32,281.640350877193,88.78947368421052,0,32
1,33,439.77777777777777,92.36805555555556,0,33
1,34,416.7748344370861,96.48344370860927,0,34
1,35,428.33187772925766,92.27510917030568,0,35
1,36,461.6224489795918,96.88775510204081,0,36
1,37,366.9261363636364,100.05113636363636,0,37
1,38,458.68888888888887,104.84444444444445,0,38
1,39,401.06611570247935,107.50413223140495,0,39
1,40,289.56451612903226,107.5725806451613,0,40
1,41,246.33009708737865,109.00970873786407,0,41
1,42,334.74545454545455,110.24545454545455,0,42
1,43,354.05882352941177,109.02941176470588,0,43
1,44,425.9727272727273,108.57272727272728,0,44
1,45,318.53968253968253,111.7936507936508,0,45
1,46,263.2544642857143,109.79910714285714,0,46
1,47,486.5612244897959,117.34693877551021,0,47
1,48,380.7931034482759,120.75,0,48
1,49,410.4485294117647,120.9779411764706,0,49
1,50,222.50226244343892,119.21719457013575,0,50
1,51,250.88888888888889,123.5079365079365,0,51
1,52,358.54404145077723,125.67357512953367,0,52
1,53,391.7105263157895,130.30921052631578,0,53
1,54,235.24666666666667,127.97333333333333,0,54
1,55,257.2068965517241,128.5977011494253,0,55
1,56,472.5176470588235,129.6705882352941,0,56
1,57,401.2772727272727,126.62727272727273,0,57
1,58,298.4036697247706,132.88532110091742,0,58
1,59,421.3545918367347,133.00255102040816,0,59
1,60,231.2173913043478,142.3664596273292,0,60
1,61,471.55172413793105,142.4712643678161,0,61
1,62,179.77685950413223,143.91735537190084,0,62
1,63,248.17341040462426,146.70520231213874,0,63
1,64,78.43790849673202,147.19607843137254,0,64
1,65,91.01324503311258,144.66225165562915,0,65
1,66,318.16911764705884,149.5,0,66
1,67,364.88532110091745,150.12385321100916,0,67
1,68,181.6283185840708,154.16814159292036,0,68
1,69,264.6775956284153,153.81420765027323,0,69
1,70,302.62204724409446,158.0551181102362,0,70
1,71,204.52,157.11428571428573,0,71
1,72,230.109756097561,158.96951219512195,0,72
1,73,389.56497175141243,157.6271186440678,0,73
1,74,458.8344827586207,158.32413793103447,0,74
1,75,280.04237288135596,162.6271186440678,0,75
1,76,158.41379310344828,161.42528735632183,0,76
1,77,187.15,162.99,0,77
1,78,469.62831858407077,165.69026548672565,0,78
1,79,241.54597701149424,167.49425287356323,0,79
1,80,439.6454545454545,164.8272727272727,0,80
1,81,263.0181818181818,168.6060606060606,0,81
1,82,338.6372549019608,168.33333333333334,0,82
1,83,227.58156028368793,171.1418439716312,0,83
1,84,407.96634615384613,169.35576923076923,0,84
1,85,132.81025641025641,171.52307692307693,0,85
1,86,49.0,173.22988505747125,0,86
1,87,208.39316239316238,174.75213675213675,0,87
1,88,194.23809523809524,174.22222222222223,0,88
1,89,29.804123711340207,181.36082474226805,0,89
1,90,269.9378881987578,180.7950310559006,0,90
1,91,429.95714285714286,183.19285714285715,0,91
1,92,236.93069306930693,182.84158415841586,0,92
1,93,370.65641025641025,183.5025641025641,0,93
1,94,312.19871794871796,187.28205128205127,0,94
1,95,391.7674418604651,190.65116279069767,0,95
1,96,497.82142857142856,190.71428571428572,0,96
1,97,239.83168316831683,191.86138613861385,0,97
1,98,462.94444444444446,195.0,0,98
1,99,23.720588235294116,197.27205882352942,0,99
1,100,404.06875,199.09375,0,100
1,101,479.4267515923567,198.3184713375796,0,101
1,102,333.1513157894737,199.69736842105263,0,102
1,103,417.10869565217394,199.3768115942029,0,103
1,104,431.05172413793105,200.4655172413793,0,104
1,105,159.69021739130434,200.1141304347826,0,105
1,106,357.92571428571426,199.22285714285715,0,106
1,107,189.69230769230768,205.69871794871796,0,107
1,108,447.4591836734694,204.26530612244898,0,108
1,109,61.54913294797688,205.04624277456648,0,109
1,110,397.0,209.03424657534248,0,110
1,111,277.75581395348837,207.7906976744186,0,111
1,112,412.3098591549296,212.64788732394365,0,112
1,113,320.35483870967744,214.3709677419355,0,113
1,114,210.56796116504853,215.39320388349515,0,114
1,115,69.64666666666666,217.86666666666667,0,115
1,116,138.58461538461538,217.0,0,116
1,117,227.60526315789474,216.34736842105264,0,117
1,118,261.4193548387097,218.69354838709677,0,118
1,119,434.38194444444446,219.85416666666666,0,119
1,120,339.463768115942,220.63768115942028,0,120
1,121,170.74380165289256,221.0909090909091,0,121
1,122,290.1166666666667,223.5,0,122
1,123,19.452830188679247,225.61635220125785,0,123
1,124,378.1986301369863,222.26027397260273,0,124
1,125,388.3493150684931,226.5,0,125
1,126,113.6830985915493,224.94366197183098,0,126
1,127,403.88235294117646,224.65359477124184,0,127
1,128,498.962962962963,228.35449735449737,0,128
1,129,220.54,232.95333333333335,0,129
1,130,433.32835820895525,232.8955223880597,0,130
1,131,457.8857142857143,232.72380952380954,0,131
1,132,152.5650406504065,231.96747967479675,0,132
1,133,397.88085106382977,236.80425531914895,0,133
1,134,470.27941176470586,234.05882352941177,0,134
1,135,331.8095238095238,240.26190476190476,0,135
1,136,78.77941176470588,242.90441176470588,0,136
1,137,126.109375,243.25,0,137
1,138,296.19594594594594,247.6216216216216,0,138
1,139,100.91549295774648,249.98591549295776,0,139
1,140,201.184,251.48,0,140
1,141,20.10135135135135,254.81756756756758,0,141
1,142,339.6282527881041,254.95910780669146,0,142
1,143,483.1192660550459,255.0275229357798,0,143
1,144,421.1167315175097,260.5252918287938,0,144
1,145,449.80882352941177,261.91911764705884,0,145
1,146,81.65829145728644,261.32663316582915,0,146
1,147,385.88,261.63384615384615,0,147
1,148,464.08383233532936,260.50299401197606,0,148
1,149,492.6111111111111,270.30555555555554,0,149
1,150,107.50617283950618,272.5246913580247,0,150
1,151,44.477777777777774,271.49444444444447,0,151
1,152,155.82959641255604,268.5964125560538,0,152
1,153,71.82098765432099,274.18518518518516,0,153
1,154,279.7549019607843,274.5637254901961,0,154
1,155,275.0869565217391,279.2028985507246,0,155
1,156,383.67763157894734,279.2105263157895,0,156
1,157,399.70588235294116,280.44117647058823,0,157
1,158,406.60674157303373,280.2022471910112,0,158
1,159,304.212962962963,278.80555555555554,0,159
1,160,349.8383233532934,280.3532934131737,0,160
1,161,322.07216494845363,280.7783505154639,0,161
1,162,93.96503496503496,287.46153846153845,0,162
1,163,426.4121621621622,283.88513513513516,0,163
1,164,455.53691275167785,284.63758389261744,0,164
1,165,485.63194444444446,286.3541666666667,0,165
1,166,362.5869565217391,290.64130434782606,0,166
1,167,162.04724409448818,292.18897637795277,0,167
1,168,188.84044233807268,289.8878357030016,0,168
1,169,351.7631578947368,295.4561403508772,0,169
1,170,385.16806722689074,294.66386554621846,0,170
1,171,318.66013071895424,299.6862745098039,0,171
1,172,362.39325842696627,299.07865168539325,0,172
1,173,401.1904761904762,300.83809523809526,0,173
1,174,104.07792207792208,301.16883116883116,0,174
1,175,140.5050505050505,301.7020202020202,0,175
1,176,493.5952380952381,301.32142857142856,0,176
1,177,424.52525252525254,304.7171717171717,0,177
1,178,478.4159292035398,304.1858407079646,0,178
1,179,52.71270718232044,304.91160220994476,0,179
1,180,369.0689655172414,306.51724137931035,0,180
1,181,156.5,308.6,0,181
1,182,386.19607843137254,310.15686274509807,0,182
1,183,443.078431372549,312.62091503267976,0,183
1,184,313.59090909090907,310.6363636363636,0,184
1,185,67.36744186046512,313.9162790697674,0,185
1,186,261.5357142857143,313.88839285714283,0,186
1,187,355.13986013986016,313.1888111888112,0,187
1,188,186.42207792207793,313.7142857142857,0,188
1,189,164.51538461538462,317.0692307692308,0,189
1,190,132.40983606557376,315.6311475409836,0,190
1,191,113.80813953488372,318.3953488372093,0,191
1,192,402.82456140350877,318.3859649122807,0,192
1,193,19.176470588235293,321.5686274509804,0,193
1,194,478.11538461538464,320.83653846153845,0,194
1,195,127.4695652173913,324.8434782608696,0,195
1,196,232.9145728643216,323.75879396984925,0,196
1,197,287.1166666666667,326.21666666666664,0,197
1,198,359.621359223301,324.4466019417476,0,198
1,199,17.523255813953487,328.8255813953488,0,199
1,200,37.596638655462186,329.5966386554622,0,200
1,201,337.7945205479452,328.64383561643837,0,201
1,202,392.0857142857143,328.22857142857146,0,202
1,203,314.0,331.06382978723406,0,203
1,204,421.8333333333333,330.6984126984127,0,204
1,205,498.5074626865672,331.6268656716418,0,205
1,206,461.3355263157895,334.5263157894737,0,206
1,207,130.7764705882353,334.4,0,207
1,208,202.3072625698324,337.45251396648047,0,208
1,209,360.77358490566036,335.1698113207547,0,209
1,210,377.36893203883494,334.84466019417476,0,210
1,211,49.38308457711443,338.5422885572139,0,211
1,212,156.36690647482015,337.1223021582734,0,212
1,213,143.50442477876106,338.9911504424779,0,213
1,214,229.26315789473685,337.58479532163744,0,214
1,215,406.0892857142857,337.4642857142857,0,215
1,216,244.27319587628867,340.95360824742266,0,216
1,217,491.72058823529414,340.5147058823529,0,217
1,218,64.35326086956522,343.2282608695652,0,218
1,219,371.21153846153845,342.63461538461536,0,219
1,220,266.2105263157895,343.2456140350877,0,220
1,221,320.74834437086093,346.5165562913907,0,221
1,222,134.43147208121826,346.1928934010152,0,222
1,223,173.92028985507247,345.2391304347826,0,223
1,224,80.47286821705427,349.6821705426357,0,224
1,225,353.4117647058824,350.9159663865546,0,225
1,226,99.8625,349.93125,0,226
1,227,284.90833333333336,351.46666666666664,0,227
1,228,117.73160173160173,353.1125541125541,0,228
1,229,258.3305084745763,351.4830508474576,0,229
1,230,66.94890510948905,355.94160583941607,0,230
1,231,228.42028985507247,358.95652173913044,0,231
1,232,367.8048780487805,359.9329268292683,0,232
1,233,208.99137931034483,358.7413793103448,0,233
1,234,440.50515463917526,358.6958762886598,0,234
1,235,86.4,364.15,0,235
1,236,165.5748031496063,363.96062992125985,0,236
1,237,181.44594594594594,361.6621621621622,0,237
1,238,54.102739726027394,365.3972602739726,0,238
1,239,262.5764705882353,366.22352941176473,0,239
1,240,277.2276422764228,366.4065040650407,0,240
1,241,326.3125,366.4125,0,241
1,242,253.25210084033614,369.8067226890756,0,242
1,243,484.2359249329759,371.7587131367292,0,243
1,244,138.98591549295776,372.59154929577466,0,244
1,245,197.28169014084506,371.443661971831,0,245
1,246,395.0,373.26490066225165,0,246
1,247,327.5974025974026,371.9220779220779,0,247
1,248,22.996124031007753,373.0658914728682,0,248
1,249,218.81102362204723,376.8897637795276,0,249
1,250,500.4570135746606,377.2262443438914,0,250
1,251,163.18045112781954,380.36842105263156,0,251
1,252,240.71270718232043,378.7790055248619,0,252
1,253,359.7063492063492,380.2063492063492,0,253
1,254,290.2631578947368,381.859649122807,0,254
1,255,423.0571428571429,381.3619047619048,0,255
1,256,269.03472222222223,383.375,0,256
1,257,344.1,381.62857142857143,0,257
1,258,472.41964285714283,383.95535714285717,0,258
1,259,138.3960396039604,385.15841584158414,0,259
1,260,448.5806451612903,384.7741935483871,0,260
1,261,404.61607142857144,388.64285714285717,0,261
1,262,76.05309734513274,390.3805309734513,0,262
1,263,206.38167938931298,389.9236641221374,0,263
1,264,314.61875,388.50625,0,264
1,265,141.95394736842104,391.5394736842105,0,265
1,266,164.01315789473685,393.26973684210526,0,266
1,267,437.8789808917197,389.4968152866242,0,267
1,268,353.31360946745565,395.2544378698225,0,268
1,269,460.28776978417267,395.7841726618705,0,269
1,270,57.07142857142857,395.26785714285717,0,270
1,271,264.8958333333333,394.9270833333333,0,271
1,272,57.948356807511736,403.67605633802816,0,272
1,273,287.4140127388535,402.81528662420385,0,273
1,274,441.6923076923077,403.4230769230769,0,274
1,275,251.04040404040404,405.5959595959596,0,275
1,276,21.849397590361445,405.00602409638554,0,276
1,277,436.05263157894734,410.39473684210526,0,277
1,278,481.61176470588236,409.8764705882353,0,278
1,279,132.42424242424244,412.93939393939394,0,279
1,280,305.60732984293196,410.62303664921467,0,280
1,281,240.63703703703703,413.27407407407406,0,281
1,282,200.23134328358208,412.8731343283582,0,282
1,283,329.51408450704224,413.28169014084506,0,283
1,284,256.94174757281553,415.9126213592233,0,284
1,285,280.43291139240506,417.8,0,285
1,286,209.56153846153848,419.03076923076924,0,286
1,287,418.3421052631579,418.6381578947368,0,287
1,288,159.69375,419.9375,0,288
1,289,391.2307692307692,419.56043956043953,0,289
1,290,114.24342105263158,421.9736842105263,0,290
1,291,299.5943396226415,423.1509433962264,0,291
1,292,311.73636363636365,422.07272727272726,0,292
1,293,399.864406779661,424.43220338983053,0,293
1,294,356.34234234234236,424.7117117117117,0,294
1,295,455.96875,427.7916666666667,0,295
1,296,154.9044585987261,429.0,0,296
1,297,424.90410958904107,428.8767123287671,0,297
1,298,409.87735849056605,431.64150943396226,0,298
1,299,429.875,431.9,0,299
1,300,18.112582781456954,438.10596026490066,0,300
1,301,245.0222222222222,437.7111111111111,0,301
1,302,296.9590163934426,439.11475409836066,0,302
1,303,266.75735294117646,439.11764705882354,0,303
1,304,336.05882352941177,437.7352941176471,0,304
1,305,326.29896907216494,439.0927835051546,0,305
1,306,479.2880434782609,442.07608695652175,0,306
1,307,27.014705882352942,443.81617647058823,0,307
1,308,343.688679245283,447.3867924528302,0,308
1,309,319.748427672956,448.27672955974845,0,309
1,310,450.66386554621846,446.84033613445376,0,310
1,311,239.11155378486055,449.47808764940237,0,311
1,312,180.65697674418604,449.4593023255814,0,312
1,313,362.0261780104712,450.26178010471205,0,313
1,314,416.5892857142857,452.45535714285717,0,314
1,315,263.9673202614379,454.0065359477124,0,315
1,316,400.8608695652174,457.25217391304346,0,316
1,317,333.7093023255814,455.1918604651163,0,317
1,318,483.6709677419355,456.18709677419355,0,318
1,319,386.0263157894737,458.82456140350877,0,319
1,320,291.0388888888889,459.25555555555553,0,320
1,321,351.8103448275862,463.95402298850576,0,321
1,322,494.3412698412698,463.8095238095238,0,322
1,323,239.21008403361344,465.6302521008403,0,323
1,324,258.6666666666667,466.3263888888889,0,324
1,325,332.6261682242991,468.3457943925234,0,325
1,326,390.8666666666667,469.025,0,326
1,327,60.90344827586207,471.60689655172416,0,327
1,328,302.0348837209302,477.0406976744186,0,328
1,329,341.2090909090909,476.1909090909091,0,329
1,330,326.35779816513764,476.3394495412844,0,330
1,331,498.80434782608694,478.5652173913044,0,331
1,332,278.46762589928056,479.76978417266184,0,332
1,333,189.73790322580646,478.258064516129,0,333
1,334,371.35849056603774,480.8301886792453,0,334
1,335,356.1639344262295,482.8606557377049,0,335
1,336,90.72185430463576,482.07284768211923,0,336
1,337,478.755,484.825,0,337
1,338,502.39080459770116,486.51724137931035,0,338
1,339,118.2910447761194,488.8955223880597,0,339
1,340,377.08029197080293,489.7883211678832,0,340
1,341,227.38059701492537,491.6641791044776,0,341
1,342,355.2734375,493.28125,0,342
1,343,90.45138888888889,495.5,0,343
1,344,341.34453781512605,495.26050420168065,0,344
1,345,200.26315789473685,498.26794258373207,0,345
1,346,267.5822784810127,500.32278481012656,0,346
2,1,318.62254901960785,7.803921568627451,0,1
2,2,334.34234234234236,7.5225225225225225,0,2
2,3,358.09183673469386,8.908163265306122,0,3
2,4,373.53521126760563,10.901408450704226,0,4
2,5,426.10897435897436,8.961538461538462,0,5
2,6,156.35294117647058,11.751633986928105,0,6
2,7,408.875,13.333333333333334,0,7
2,8,29.028301886792452,13.632075471698114,0,8
2,9,340.748031496063,16.937007874015748,0,9
2,10,41.10344827586207,19.732758620689655,0,10
2,11,173.0965909090909,20.46590909090909,0,11
2,12,351.3333333333333,17.71014492753623,0,12
2,13,204.3975903614458,21.00602409638554,0,13
2,14,130.73611111111111,24.578703703703702,0,14
2,15,232.9022988505747,23.183908045977013,0,15
2,16,445.4392156862745,28.898039215686275,0,16
2,17,298.29464285714283,27.5,0,17
2,18,180.71264367816093,28.71264367816092,0,18
2,19,382.7358490566038,31.572327044025158,0,19
2,20,340.953125,31.854166666666668,0,20
2,21,108.81920903954803,30.412429378531073,0,21
2,22,94.24712643678161,36.94252873563219,0,22
2,23,472.74615384615385,35.86153846153846,0,23
2,24,490.23893805309734,36.716814159292035,0,24
2,25,292.24666666666667,38.22,0,25
2,26,313.6106870229008,39.30534351145038,0,26
2,27,406.0813008130081,41.15447154471545,0,27
2,28,10.496124031007753,40.47286821705426,0,28
2,29,181.0,38.72826086956522,0,29
2,30,78.58757062146893,41.86440677966102,0,30
2,31,352.1225806451613,42.76129032258064,0,31
2,32,380.35074626865674,43.95522388059702,0,32
2,33,204.01234567901236,43.32098765432099,0,33
2,34,301.5263157894737,43.744360902255636,0,34
2,35,330.2164179104478,42.33582089552239,0,35
2,36,45.176829268292686,50.38109756097561,0,36
2,37,177.08045977011494,54.39080459770115,0,37
2,38,139.7311827956989,57.833333333333336,0,38
2,39,162.53508771929825,56.59649122807018,0,39
2,40,206.80239520958085,55.778443113772454,0,40
2,41,364.18279569892474,59.086021505376344,0,41
2,42,392.8880597014925,60.02985074626866,0,42
2,43,450.4672897196262,62.90654205607477,0,43
2,44,332.38461538461536,69.08875739644971,0,44
2,45,172.4957264957265,68.51282051282051,0,45
2,46,360.58653846153845,70.375,0,46
2,47,375.7155963302752,71.81651376146789,0,47
2,48,399.89473684210526,73.0,0,48
2,49,389.0,72.58241758241758,0,49
2,50,120.5,73.28333333333333,0,50
2,51,87.52713178294573,75.16279069767442,0,51
2,52,435.4751773049645,75.99290780141844,0,52
2,53,191.8835616438356,77.78082191780823,0,53
2,54,218.2095238095238,78.41904761904762,0,54
2,55,478.14516129032256,81.37903225806451,0,55
2,56,461.2866666666667,80.88666666666667,0,56
2,57,240.73333333333332,81.96190476190476,0,57
2,58,441.12380952380954,84.25714285714285,0,58
2,59,144.83478260869566,86.66956521739131,0,59
2,60,424.34166666666664,87.925,0,60
2,61,365.39325842696627,84.9494382022472,0,61
2,62,403.2236842105263,86.44736842105263,0,62
2,63,174.69672131147541,89.80327868852459,0,63
2,64,279.6182572614108,91.02074688796681,0,64
2,65,15.276497695852534,89.2073732718894,0,65
2,66,69.62068965517241,93.53793103448275,0,66
2,67,58.75396825396825,92.60317460317461,0,67
2,68,266.76510067114094,93.67114093959732,0,68
2,69,438.63829787234044,94.3936170212766,0,69
2,70,144.34,98.57333333333334,0,70
2,71,431.02061855670104,100.5979381443299,0,71
2,72,163.59558823529412,101.84558823529412,0,72
2,73,255.67307692307693,101.51923076923077,0,73
2,74,205.85164835164835,100.9065934065934,0,74
2,75,56.72463768115942,104.6231884057971,0,75
2,76,227.2013422818792,106.12080536912751,0,76
2,77,321.05925925925925,102.41481481481482,0,77
2,78,111.908,105.416,0,78
2,79,267.29133858267716,108.08661417322834,0,79
2,80,126.08490566037736,109.43396226415095,0,80
2,81,430.8796296296296,114.10648148148148,0,81
2,82,362.3096446700508,112.75634517766497,0,82
2,83,394.1470588235294,114.11764705882354,0,83
2,84,19.666666666666668,117.56349206349206,0,84
2,85,308.4,118.6,0,85
2,86,196.48648648648648,120.29729729729729,0,86
2,87,246.43362831858408,118.63716814159292,0,87
2,88,274.06962025316454,125.9746835443038,0,88
2,89,135.83653846153845,125.70192307692308,0,89
2,90,151.26315789473685,124.34210526315789,0,90
2,91,82.45641025641025,126.25641025641026,0,91
2,92,48.625,135.4237804878049,0,92
2,93,498.81875,129.26875,0,93
2,94,256.33557046979865,132.3288590604027,0,94
2,95,267.2818181818182,133.06363636363636,0,95
2,96,300.75172413793103,135.82758620689654,0,96
2,97,162.1875,138.88392857142858,0,97
2,98,121.66990291262135,138.5728155339806,0,98
2,99,110.94174757281553,140.84466019417476,0,99
2,100,233.93859649122808,140.76315789473685,0,100
2,101,359.4728260869565,140.20108695652175,0,101
2,102,191.58139534883722,140.8139534883721,0,102
2,103,452.28723404255317,144.6968085106383,0,103
2,104,181.46428571428572,141.7,0,104
2,105,12.757961783439491,146.0,0,105
2,106,206.36923076923077,146.16153846153847,0,106
2,107,186.2235294117647,149.03529411764706,0,107
2,108,424.6237623762376,147.98019801980197,0,108
2,109,431.17894736842106,151.2842105263158,0,109
2,110,359.97802197802196,156.13186813186815,0,110
2,111,150.9351851851852,155.58333333333334,0,111
2,112,189.41860465116278,157.11627906976744,0,112
2,113,351.8909090909091,155.6727272727273,0,113
2,114,177.52229299363057,157.36305732484075,0,114
2,115,239.37426900584796,157.50877192982455,0,115
2,116,131.44791666666666,160.55208333333334,0,116
2,117,251.24,161.4,0,117
2,118,283.6810344827586,162.67241379310346,0,118
2,119,219.40490797546013,160.72392638036808,0,119
2,120,317.96629213483146,159.42696629213484,0,120
2,121,182.10569105691056,167.6341463414634,0,121
2,122,15.112676056338028,169.28169014084506,0,122
2,123,406.7894736842105,170.56766917293234,0,123
2,124,192.01785714285714,171.625,0,124
2,125,353.9269662921348,171.58988764044943,0,125
2,126,485.5843373493976,173.25301204819277,0,126
2,127,40.10077519379845,174.68992248062017,0,127
2,128,85.3943661971831,173.7887323943662,0,128
2,129,75.52280701754385,177.7438596491228,0,129
2,130,258.37012987012986,174.01298701298703,0,130
2,131,304.13084112149534,175.90654205607476,0,131
2,132,155.24025974025975,177.28571428571428,0,132
2,133,445.64912280701753,176.0701754385965,0,133
2,134,312.6542056074766,178.30841121495328,0,134
2,135,16.69325153374233,180.95705521472394,0,135
2,136,134.04285714285714,178.94285714285715,0,136
2,137,353.69325153374234,183.3926380368098,0,137
2,138,467.2962962962963,181.35185185185185,0,138
2,139,412.3921568627451,185.11111111111111,0,139
2,140,231.78343949044586,186.43949044585986,0,140
2,141,36.0,189.0421052631579,0,141
2,142,205.40816326530611,188.44387755102042,0,142
2,143,48.7196261682243,190.54205607476635,0,143
2,144,278.58098591549293,192.93309859154928,0,144
2,145,104.96464646464646,193.7929292929293,0,145
2,146,151.37735849056602,192.9056603773585,0,146
2,147,61.08490566037736,195.71698113207546,0,147
2,148,335.292817679558,193.45303867403314,0,148
2,149,420.62068965517244,194.32758620689654,0,149
2,150,140.91666666666666,195.05833333333334,0,150
2,151,161.05042016806723,195.00840336134453,0,151
2,152,380.5679012345679,197.03703703703704,0,152
2,153,387.5980392156863,197.57843137254903,0,153
2,154,132.26415094339623,202.0,0,154
2,155,23.804347826086957,203.55217391304348,0,155
2,156,171.51546391752578,202.8041237113402,0,156
2,157,184.74311926605503,203.43119266055047,0,157
2,158,427.96581196581195,205.73504273504273,0,158
2,159,438.8333333333333,206.10897435897436,0,159
2,160,325.95,203.06875,0,160
2,161,409.7869822485207,205.88165680473372,0,161
2,162,454.4954954954955,208.06306306306305,0,162
2,163,286.0188679245283,213.56603773584905,0,163
2,164,477.15909090909093,211.99242424242425,0,164
2,165,398.67058823529413,214.03529411764706,0,165
2,166,11.110294117647058,215.18382352941177,0,166
2,167,180.47272727272727,216.9090909090909,0,167
2,168,199.13084112149534,216.51401869158877,0,168
2,169,346.4450867052023,219.364161849711,0,169
2,170,86.22222222222223,219.42592592592592,0,170
2,171,258.4665271966527,211.48535564853557,0,171
2,172,33.48623853211009,218.94495412844037,0,172
2,173,149.9795918367347,217.9795918367347,0,173
2,174,408.7070707070707,218.07070707070707,0,174
2,175,318.0255102040816,221.55102040816325,0,175
2,176,226.82412060301507,220.14572864321607,0,176
2,177,106.43511450381679,222.85496183206106,0,177
2,178,74.98601398601399,223.53146853146853,0,178
2,179,475.2830188679245,228.4433962264151,0,179
2,180,250.93333333333334,228.9047619047619,0,180
2,181,501.2061855670103,229.17525773195877,0,181
2,182,399.390625,230.765625,0,182
2,183,45.728155339805824,237.1359223300971,0,183
2,184,267.9193548387097,235.1290322580645,0,184
2,185,158.59868421052633,237.42105263157896,0,185
2,186,190.0964467005076,238.36040609137055,0,186
2,187,362.755905511811,240.4015748031496,0,187
2,188,384.88,240.49333333333334,0,188
2,189,427.1418918918919,241.16216216216216,0,189
2,190,456.7986111111111,242.90972222222223,0,190
2,191,202.88311688311688,242.80519480519482,0,191
2,192,108.82075471698113,242.03773584905662,0,192
2,193,129.5873015873016,243.33333333333334,0,193
2,194,390.19444444444446,243.83333333333334,0,194
2,195,87.9140625,245.328125,0,195
2,196,18.01769911504425,245.12389380530973,0,196
2,197,292.4139784946237,252.5268817204301,0,197
2,198,325.1923076923077,252.37692307692308,0,198
2,199,484.5809523809524,252.13333333333333,0,199
2,200,389.9299363057325,255.656050955414,0,200
2,201,7.16,258.1933333333333,0,201
2,202,127.99122807017544,255.66666666666666,0,202
2,203,298.869109947644,261.42931937172773,0,203
2,204,57.903225806451616,259.7235023041475,0,204
2,205,172.8175182481752,258.54014598540147,0,205
2,206,167.11111111111111,267.22222222222223,0,206
2,207,480.04761904761904,266.5,0,207
2,208,220.0062893081761,269.17610062893084,0,208
2,209,444.03076923076924,270.5230769230769,0,209
2,210,345.4895104895105,271.1748251748252,0,210
2,211,385.515873015873,270.86507936507934,0,211
2,212,199.7642857142857,274.02142857142854,0,212
2,213,115.97402597402598,276.6753246753247,0,213
2,214,270.7,274.7190476190476,0,214
2,215,83.82142857142857,282.1825396825397,0,215
2,216,119.96825396825396,282.5238095238095,0,216
2,217,393.2761194029851,283.3059701492537,0,217
2,218,212.54,284.58666666666664,0,218
2,219,140.51908396946564,285.9465648854962,0,219
2,220,417.5374449339207,290.18502202643174,0,220
2,221,464.66101694915255,284.11299435028246,0,221
2,222,166.0151515151515,291.4015151515151,0,222
2,223,54.35294117647059,295.15966386554624,0,223
2,224,329.83916083916085,295.3636363636364,0,224
2,225,110.68387096774194,299.38709677419354,0,225
2,226,11.034722222222221,298.2361111111111,0,226
2,227,36.391061452513966,296.6703910614525,0,227
2,228,293.27272727272725,298.02097902097904,0,228
2,229,184.11428571428573,301.01428571428573,0,229
2,230,235.04562737642587,304.2965779467681,0,230
2,231,444.95544554455444,309.3811881188119,0,231
2,232,378.41089108910893,308.51485148514854,0,232
2,233,65.62162162162163,310.963963963964,0,233
2,234,400.9641025641026,313.6461538461538,0,234
2,235,134.4090909090909,315.9,0,235
2,236,245.82666666666665,316.8933333333333,0,236
2,237,357.8705035971223,316.136690647482,0,237
2,238,290.9060773480663,319.6740331491713,0,238
2,239,160.44505494505495,320.84065934065933,0,239
2,240,43.1021897810219,321.37226277372264,0,240
2,241,91.47852760736197,324.14723926380367,0,241
2,242,114.59241706161137,322.3222748815166,0,242
2,243,317.7766497461929,320.8477157360406,0,243
2,244,228.05479452054794,326.24657534246575,0,244
2,245,432.6645962732919,328.80124223602485,0,245
2,246,408.31654676258995,331.0719424460432,0,246
2,247,261.1439393939394,332.6287878787879,0,247
2,248,342.3521126760563,332.2112676056338,0,248
2,249,444.7391304347826,336.05434782608694,0,249
2,250,438.5192307692308,336.36538461538464,0,250
2,251,418.3255813953488,336.7751937984496,0,251
2,252,476.60696517412936,339.3830845771144,0,252
2,253,228.8095238095238,344.23809523809524,0,253
2,254,70.90350877192982,344.37719298245617,0,254
2,255,140.29186602870814,345.14354066985646,0,255
2,256,378.92432432432435,346.71351351351353,0,256
2,257,113.74615384615385,349.12307692307695,0,257
2,258,358.8480392156863,352.37254901960785,0,258
2,259,296.6148148148148,350.4962962962963,0,259
2,260,316.65608465608466,354.8783068783069,0,260
2,261,173.3551401869159,356.2710280373832,0,261
2,262,218.8679245283019,358.6981132075472,0,262
2,263,493.0204081632653,358.2755102040816,0,263
2,264,125.38983050847457,365.9406779661017,0,264
2,265,12.957386363636363,372.0625,0,265
2,266,270.63194444444446,368.27777777777777,0,266
2,267,438.9248120300752,364.1127819548872,0,267
2,268,390.77725118483414,364.8436018957346,0,268
2,269,197.08823529411765,369.2156862745098,0,269
2,270,471.1909090909091,367.8363636363636,0,270
2,271,316.177304964539,370.3900709219858,0,271
2,272,60.43601895734597,371.0331753554502,0,272
2,273,170.87878787878788,371.780303030303,0,273
2,274,77.42748091603053,374.42748091603056,0,274
2,275,403.30882352941177,376.5147058823529,0,275
2,276,110.5,376.0,0,276
2,277,192.3134328358209,379.9925373134328,0,277
2,278,217.43037974683546,381.246835443038,0,278
2,279,97.10897435897436,380.22435897435895,0,279
2,280,151.53303964757708,375.80616740088107,0,280
2,281,346.53,380.715,0,281
2,282,427.8217054263566,379.4108527131783,0,282
2,283,458.5472972972973,385.4932432432432,0,283
2,284,52.907407407407405,387.05555555555554,0,284
2,285,178.15037593984962,386.5563909774436,0,285
2,286,134.36879432624113,388.50354609929076,0,286
2,287,158.11214953271028,389.6542056074766,0,287
2,288,274.87441860465117,394.3720930232558,0,288
2,289,296.1337209302326,393.8488372093023,0,289
2,290,31.91089108910891,395.2475247524753,0,290
2,291,40.936,398.976,0,291
2,292,415.11961722488036,398.311004784689,0,292
2,293,240.63179916317992,403.07112970711296,0,293
2,294,496.2734375,401.890625,0,294
2,295,118.62698412698413,400.3492063492063,0,295
2,296,86.79674796747967,406.4390243902439,0,296
2,297,493.2162162162162,407.3918918918919,0,297
2,298,473.3316062176166,408.74093264248705,0,298
2,299,116.42792792792793,415.5450450450451,0,299
2,300,422.10674157303373,417.03932584269666,0,300
2,301,130.37426900584796,419.7134502923977,0,301
2,302,160.68421052631578,419.9172932330827,0,302
2,303,173.53125,419.18125,0,303
2,304,374.1686746987952,417.8072289156627,0,304
2,305,391.0164835164835,425.44505494505495,0,305
2,306,183.85858585858585,427.82828282828285,0,306
2,307,148.91764705882352,431.45882352941175,0,307
2,308,195.03225806451613,431.96774193548384,0,308
2,309,136.22222222222223,435.0814814814815,0,309
2,310,271.5125,434.425,0,310
2,311,173.7860696517413,435.80099502487565,0,311
2,312,266.7236842105263,441.2763157894737,0,312
2,313,84.9047619047619,445.2142857142857,0,313
2,314,131.6153846153846,446.0683760683761,0,314
2,315,100.15463917525773,448.41237113402065,0,315
2,316,19.617391304347827,448.8608695652174,0,316
2,317,276.4385245901639,448.422131147541,0,317
2,318,113.55445544554455,455.83168316831683,0,318
2,319,59.431451612903224,458.11290322580646,0,319
2,320,158.67741935483872,461.9769585253456,0,320
2,321,84.45398773006134,463.7177914110429,0,321
2,322,196.23357664233578,461.82481751824815,0,322
2,323,211.25563909774436,467.4135338345865,0,323
2,324,235.15923566878982,471.2484076433121,0,324
2,325,223.22929936305732,481.45859872611464,0,325
2,326,40.26732673267327,493.18811881188117,0,326
2,327,11.898876404494382,492.3370786516854,0,327
2,328,122.48148148148148,502.01234567901236,0,328
2,329,401.27142857142854,500.34761904761905,0,329
2,330,344.62307692307695,502.55384615384617,0,330
3,1,119.62820512820512,7.717948717948718,0,1
3,2,349.98130841121497,9.485981308411215,0,2
3,3,411.6296296296296,8.525925925925925,0,3
3,4,474.8720930232558,8.151162790697674,0,4
3,5,78.94949494949495,12.696969696969697,0,5
3,6,104.40163934426229,12.139344262295081,0,6
3,7,274.1409395973154,15.604026845637584,0,7
3,8,467.43939393939394,14.090909090909092,0,8
3,9,308.83720930232556,15.031007751937985,0,9
3,10,403.2764976958525,16.08294930875576,0,10
3,11,490.144578313253,14.46987951807229,0,11
3,12,166.36244541484717,17.222707423580786,0,12
3,13,474.4651162790698,17.848837209302324,0,13
3,14,236.68817204301075,18.903225806451612,0,14
3,15,259.81168831168833,19.81168831168831,0,15
3,16,129.6439393939394,22.734848484848484,0,16
3,17,21.244897959183675,22.153061224489797,0,17
3,18,32.520833333333336,22.458333333333332,0,18
3,19,111.22772277227723,22.02970297029703,0,19
3,20,390.0165289256198,22.123966942148762,0,20
3,21,93.9119496855346,21.9748427672956,0,21
3,22,220.25806451612902,19.391705069124423,0,22
3,23,446.0853658536585,24.239837398373982,0,23
3,24,179.14141414141415,28.07070707070707,0,24
3,25,203.46898263027296,27.34987593052109,0,25
3,26,284.97058823529414,28.666666666666668,0,26
3,27,24.35593220338983,34.07627118644068,0,27
3,28,145.44761904761904,35.180952380952384,0,28
3,29,479.55367231638417,33.6271186440678,0,29
3,30,40.8962962962963,34.355555555555554,0,30
3,31,326.21008403361344,34.26890756302521,0,31
3,32,116.92929292929293,36.90909090909091,0,32
3,33,338.25694444444446,35.31944444444444,0,33
3,34,80.1953125,36.7421875,0,34
3,35,278.0,39.2109375,0,35
3,36,294.46031746031747,37.41269841269841,0,36
3,37,237.80769230769232,39.7,0,37
3,38,170.02083333333334,41.177083333333336,0,38
3,39,411.375,41.65625,0,39
3,40,58.1656050955414,43.54140127388535,0,40
3,41,304.88524590163934,40.67213114754098,0,41
3,42,362.06666666666666,46.352380952380955,0,42
3,43,430.9548387096774,47.30967741935484,0,43
3,44,202.98918918918918,46.075675675675676,0,44
3,45,250.1888111888112,48.25874125874126,0,45
3,46,98.91497975708502,47.56275303643725,0,46
3,47,119.83478260869565,51.74782608695652,0,47
3,48,280.1764705882353,53.445378151260506,0,48
3,49,131.4678899082569,53.46788990825688,0,49
3,50,390.6078431372549,55.03921568627451,0,50
3,51,142.5,56.84313725490196,0,51
3,52,480.09139784946234,57.155913978494624,0,52
3,53,209.03225806451613,58.86290322580645,0,53
3,54,223.6048387096774,57.08064516129032,0,54
3,55,27.632,60.8,0,55
3,56,67.1037037037037,61.45925925925926,0,56
3,57,173.32,61.19,0,57
3,58,86.93069306930693,61.306930693069305,0,58
3,59,155.85321100917432,62.055045871559635,0,59
3,60,298.01960784313724,61.28431372549019,0,60
3,61,340.5966386554622,65.72268907563026,0,61
3,62,200.99563318777294,68.08733624454149,0,62
3,63,147.92857142857142,66.8265306122449,0,63
3,64,251.1081081081081,67.0,0,64
3,65,97.81656804733728,69.84615384615384,0,65
3,66,119.15116279069767,68.17441860465117,0,66
3,67,418.8617886178862,69.0650406504065,0,67
3,68,12.452054794520548,67.98173515981735,0,68
3,69,360.1437908496732,70.83006535947712,0,69
3,70,40.33653846153846,77.90865384615384,0,70
3,71,312.44954128440367,73.3302752293578,0,71
3,72,408.0952380952381,73.33333333333333,0,72
3,73,463.30555555555554,73.45370370370371,0,73
3,74,83.2280701754386,77.70175438596492,0,74
3,75,119.93548387096774,78.41013824884793,0,75
3,76,65.90265486725664,79.34513274336283,0,76
3,77,327.7154471544715,80.60162601626017,0,77
3,78,192.0082644628099,82.57851239669421,0,78
3,79,438.38028169014086,83.35915492957747,0,79
3,80,403.95566502463055,88.23645320197045,0,80
3,81,262.1296296296296,88.9074074074074,0,81
3,82,98.1344537815126,88.33613445378151,0,82
3,83,142.11111111111111,92.0952380952381,0,83
3,84,454.9626168224299,90.73831775700934,0,84
3,85,124.72649572649573,91.83760683760684,0,85
3,86,13.6,92.8,0,86
3,87,172.51776649746193,95.34010152284264,0,87
3,88,185.0487804878049,93.41463414634147,0,88
3,89,340.12068965517244,96.15086206896552,0,89
3,90,491.4,93.4,0,90
3,91,485.98765432098764,95.9753086419753,0,91
3,92,223.59509202453987,96.92638036809817,0,92
3,93,287.7112676056338,97.80985915492958,0,93
3,94,255.1755319148936,101.82446808510639,0,94
3,95,191.7923076923077,104.26923076923077,0,95
3,96,320.92233009708735,102.67961165048544,0,96
3,97,97.01941747572816,106.5631067961165,0,97
3,98,118.67647058823529,105.88235294117646,0,98
3,99,13.544061302681992,110.3639846743295,0,99
3,100,54.642276422764226,105.17073170731707,0,100
3,101,372.42900302114805,111.91842900302115,0,101
3,102,138.60204081632654,113.5204081632653,0,102
3,103,240.51818181818183,115.06363636363636,0,103
3,104,105.30952380952381,116.39682539682539,0,104
3,105,466.3578947368421,115.57894736842105,0,105
3,106,272.54761904761904,117.9920634920635,0,106
3,107,51.7888198757764,118.16770186335404,0,107
3,108,205.78571428571428,119.66964285714286,0,108
3,109,323.97435897435895,120.44444444444444,0,109
3,110,13.308823529411764,123.05882352941177,0,110
3,111,221.90526315789472,123.78947368421052,0,111
3,112,432.4019607843137,123.32352941176471,0,112
3,113,442.93693693693695,125.61261261261261,0,113
3,114,34.52173913043478,127.45217391304348,0,114
3,115,68.96296296296296,128.25185185185185,0,115
3,116,280.3609756097561,127.17560975609756,0,116
3,117,316.5531914893617,129.4787234042553,0,117
3,118,175.1818181818182,130.9090909090909,0,118
3,119,91.81909547738694,131.66834170854273,0,119
3,120,192.91743119266056,131.92660550458714,0,120
3,121,459.5,133.90425531914894,0,121
3,122,470.15384615384613,133.24615384615385,0,122
3,123,333.6025641025641,135.94230769230768,0,123
3,124,214.81415929203538,134.8230088495575,0,124
3,125,267.9248120300752,135.57142857142858,0,125
3,126,287.8085106382979,136.8404255319149,0,126
3,127,145.52542372881356,136.0677966101695,0,127
3,128,105.02906976744185,140.8372093023256,0,128
3,129,257.752380952381,140.28571428571428,0,129
3,130,49.94117647058823,142.09150326797385,0,130
3,131,484.94736842105266,141.2330827067669,0,131
3,132,73.6923076923077,143.8803418803419,0,132
3,133,122.17692307692307,147.03076923076924,0,133
3,134,237.8909090909091,148.48181818181817,0,134
3,135,159.75460122699386,147.35582822085888,0,135
3,136,497.1547619047619,148.57142857142858,0,136
3,137,59.12280701754386,150.60526315789474,0,137
3,138,361.11764705882354,153.11229946524065,0,138
3,139,422.4142259414226,154.48535564853557,0,139
3,140,436.94214876033055,157.07438016528926,0,140
3,141,327.45421245421244,159.78021978021977,0,141
3,142,401.74117647058824,161.10588235294117,0,142
3,143,388.75141242937855,162.5141242937853,0,143
3,144,178.64634146341464,164.57926829268294,0,144
3,145,264.6448598130841,165.17757009345794,0,145
3,146,296.2323232323232,164.56565656565655,0,146
3,147,456.42477876106193,165.6637168141593,0,147
3,148,97.43452380952381,171.29761904761904,0,148
3,149,7.480392156862745,172.97058823529412,0,149
3,150,25.740506329113924,171.37974683544303,0,150
3,151,360.75471698113205,171.77987421383648,0,151
3,152,256.6190476190476,173.6530612244898,0,152
3,153,489.05806451612904,172.7290322580645,0,153
3,154,218.77987421383648,173.0440251572327,0,154
3,155,297.25,174.75,0,155
3,156,136.33510638297872,175.90425531914894,0,156
3,157,418.67619047619047,181.16190476190476,0,157
3,158,73.18840579710145,182.32608695652175,0,158
3,159,122.41414141414141,182.92929292929293,0,159
3,160,163.3838383838384,181.94949494949495,0,160
3,161,61.389240506329116,179.4493670886076,0,161
3,162,245.42021276595744,181.23936170212767,0,162
3,163,433.7142857142857,184.15238095238095,0,163
3,164,105.56521739130434,187.0108695652174,0,164
3,165,462.4488188976378,187.46456692913387,0,165
3,166,141.4020618556701,188.70103092783506,0,166
3,167,192.2211055276382,191.4321608040201,0,167
3,168,30.405263157894737,197.49473684210525,0,168
3,169,96.75961538461539,201.89423076923077,0,169
3,170,138.9056603773585,200.0062893081761,0,170
3,171,113.6774193548387,203.66666666666666,0,171
3,172,203.96491228070175,204.32456140350877,0,172
3,173,297.02222222222224,206.74814814814815,0,173
3,174,486.6,202.13076923076923,0,174
3,175,154.74166666666667,207.69583333333333,0,175
3,176,370.8103448275862,204.26436781609195,0,176
3,177,48.45161290322581,207.96774193548387,0,177
3,178,434.24107142857144,207.0625,0,178
3,179,67.5,208.5,0,179
3,180,229.22727272727272,211.56060606060606,0,180
3,181,340.20353982300884,211.76106194690266,0,181
3,182,404.11504424778764,213.76991150442478,0,182
3,183,271.5660377358491,213.8427672955975,0,183
3,184,113.15306122448979,218.1530612244898,0,184
3,185,379.11650485436894,220.2233009708738,0,185
3,186,172.2929292929293,222.7979797979798,0,186
3,187,467.79126213592235,222.36893203883494,0,187
3,188,198.76119402985074,223.89054726368158,0,188
3,189,82.2312925170068,225.2108843537415,0,189
3,190,45.15723270440252,229.0440251572327,0,190
3,191,138.0625,227.3203125,0,191
3,192,18.452459016393444,229.4393442622951,0,192
3,193,179.83536585365854,235.6341463414634,0,193
3,194,342.68932038834953,233.54368932038835,0,194
3,195,291.203125,235.578125,0,195
3,196,385.6082474226804,235.16494845360825,0,196
3,197,430.5095238095238,234.34761904761905,0,197
3,198,158.88679245283018,237.23584905660377,0,198
3,199,116.33333333333333,237.81578947368422,0,199
3,200,361.07438016528926,238.77685950413223,0,200
3,201,41.417910447761194,243.76119402985074,0,201
3,202,317.2520325203252,243.8130081300813,0,202
3,203,51.697435897435895,248.67179487179487,0,203
3,204,140.2842105263158,248.07368421052632,0,204
3,205,452.0368098159509,249.55828220858896,0,205
3,206,228.85185185185185,252.62962962962962,0,206
3,207,19.57051282051282,251.42307692307693,0,207
3,208,487.62011173184356,253.3240223463687,0,208
3,209,368.03846153846155,254.625,0,209
3,210,176.13513513513513,258.43918918918916,0,210
3,211,189.37016574585635,259.0662983425414,0,211
3,212,93.54676258992805,255.04556354916068,0,212
3,213,127.36538461538461,262.1025641025641,0,213
3,214,161.71195652173913,262.39130434782606,0,214
3,215,305.47899159663865,262.1932773109244,0,215
3,216,285.37745098039215,265.87745098039215,0,216
3,217,296.77906976744185,264.93023255813955,0,217
3,218,354.78494623655916,267.35483870967744,0,218
3,219,28.197080291970803,270.94890510948903,0,219
3,220,92.27777777777777,272.484126984127,0,220
3,221,55.35245901639344,276.1885245901639,0,221
3,222,430.0192307692308,275.90384615384613,0,222
3,223,115.07971014492753,278.9927536231884,0,223
3,224,72.2370820668693,280.57142857142856,0,224
3,225,221.19594594594594,278.7162162162162,0,225
3,226,92.78512396694215,284.2314049586777,0,226
3,227,161.7093023255814,284.55232558139534,0,227
3,228,7.873949579831932,290.8235294117647,0,228
3,229,385.3037037037037,292.4888888888889,0,229
3,230,26.303571428571427,298.0357142857143,0,230
3,231,186.6946564885496,298.6297709923664,0,231
3,232,288.24691358024694,299.1604938271605,0,232
3,233,108.92561983471074,301.92561983471074,0,233
3,234,142.55172413793105,303.06206896551726,0,234
3,235,129.044776119403,306.6318407960199,0,235
3,236,230.6312849162011,309.1005586592179,0,236
3,237,74.64462809917356,309.9504132231405,0,237
3,238,101.06086956521739,311.04347826086956,0,238
3,239,171.54225352112675,308.78169014084506,0,239
3,240,412.68461538461537,312.8,0,240
3,241,89.39285714285714,312.1517857142857,0,241
3,242,182.2406015037594,313.0827067669173,0,242
3,243,355.5147058823529,315.3186274509804,0,243
3,244,331.6901408450704,314.90140845070425,0,244
3,245,261.5621890547264,322.33830845771143,0,245
3,246,54.85964912280702,322.7397660818713,0,246
3,247,87.55454545454545,326.5,0,247
3,248,391.9548872180451,324.3308270676692,0,248
3,249,154.19883040935673,332.4093567251462,0,249
3,250,199.9593023255814,331.1918604651163,0,250
3,251,232.3153846153846,329.9769230769231,0,251
3,252,341.72,332.12,0,252
3,253,94.66355140186916,332.7102803738318,0,253
3,254,14.358490566037736,335.42452830188677,0,254
3,255,293.0873786407767,335.19417475728153,0,255
3,256,24.11864406779661,338.85593220338984,0,256
3,257,256.2323943661972,337.57042253521126,0,257
3,258,224.11464968152868,339.8471337579618,0,258
3,259,417.45669291338584,341.88188976377955,0,259
3,260,102.78260869565217,342.25217391304346,0,260
3,261,132.6138996138996,343.55212355212353,0,261
3,262,369.55172413793105,345.26206896551724,0,262
3,263,307.26446280991735,346.801652892562,0,263
3,264,180.24338624338625,346.6666666666667,0,264
3,265,255.30392156862746,349.2647058823529,0,265
3,266,51.84426229508197,350.05737704918033,0,266
3,267,284.81632653061223,352.6224489795918,0,267
3,268,402.6693548387097,356.1290322580645,0,268
3,269,218.5275229357798,360.4633027522936,0,269
3,270,276.57547169811323,357.16037735849056,0,270
3,271,475.4,356.17931034482757,0,271
3,272,70.97810218978103,357.4963503649635,0,272
3,273,55.054263565891475,362.62015503875966,0,273
3,274,93.21621621621621,359.9009009009009,0,274
3,275,239.53757225433526,361.4566473988439,0,275
3,276,31.72,362.664,0,276
3,277,158.20817843866172,361.0185873605948,0,277
3,278,341.9504643962848,365.3869969040248,0,278
3,279,135.24257425742573,367.44554455445547,0,279
3,280,202.3125,367.09375,0,280
3,281,105.5,370.16379310344826,0,281
3,282,165.85576923076923,372.2307692307692,0,282
3,283,12.174825174825175,374.35664335664336,0,283
3,284,465.42622950819674,378.44262295081967,0,284
3,285,32.98571428571429,378.8,0,285
3,286,178.58579881656806,379.0769230769231,0,286
3,287,27.191176470588236,380.19117647058823,0,287
3,288,117.8018018018018,383.45045045045043,0,288
3,289,380.9511111111111,384.0177777777778,0,289
3,290,75.89075630252101,385.74789915966386,0,290
3,291,99.1010101010101,385.72727272727275,0,291
3,292,214.3780487804878,386.2439024390244,0,292
3,293,488.625,385.29605263157896,0,293
3,294,147.8284023668639,385.7278106508876,0,294
3,295,231.37062937062936,385.7762237762238,0,295
3,296,57.91481481481482,391.89629629629627,0,296
3,297,252.06962025316454,389.93037974683546,0,297
3,298,417.45,390.625,0,298
3,299,324.1027397260274,389.9109589041096,0,299
3,300,140.81739130434784,395.97391304347826,0,300
3,301,168.16666666666666,394.675,0,301
3,302,467.1533333333333,391.7266666666667,0,302
3,303,97.59027777777777,395.05555555555554,0,303
3,304,201.5463917525773,394.91237113402065,0,304
3,305,25.57983193277311,398.02521008403363,0,305
3,306,125.52201257861635,398.45911949685535,0,306
3,307,66.38,400.69,0,307
3,308,49.440140845070424,403.4401408450704,0,308
3,309,453.98026315789474,404.44736842105266,0,309
3,310,110.03,405.95,0,310
3,311,138.7605633802817,409.38732394366195,0,311
3,312,84.83391003460207,407.88927335640136,0,312
3,313,151.0888888888889,410.2888888888889,0,313
3,314,270.472602739726,410.17808219178085,0,314
3,315,62.82142857142857,411.8482142857143,0,315
3,316,94.1,412.87,0,316
3,317,34.63414634146341,414.0975609756098,0,317
3,318,180.62025316455697,413.2088607594937,0,318
3,319,499.54117647058825,413.5176470588235,0,319
3,320,8.756302521008404,418.98319327731093,0,320
3,321,53.261146496815286,420.2229299363057,0,321
3,322,417.6328125,419.6875,0,322
3,323,70.22881355932203,422.66101694915255,0,323
3,324,152.25,422.7925531914894,0,324
3,325,190.3842105263158,420.9421052631579,0,325
3,326,212.44444444444446,422.77777777777777,0,326
3,327,430.3391304347826,423.95652173913044,0,327
3,328,448.538961038961,422.57142857142856,0,328
3,329,263.47457627118644,427.3220338983051,0,329
3,330,117.67272727272727,427.41212121212124,0,330
3,331,130.3090909090909,433.3636363636364,0,331
3,332,33.083333333333336,433.1354166666667,0,332
3,333,79.275,435.16875,0,333
3,334,90.27631578947368,433.5986842105263,0,334
3,335,464.6683673469388,434.8061224489796,0,335
3,336,45.54761904761905,435.8988095238095,0,336
3,337,210.42241379310346,440.30172413793105,0,337
3,338,367.06439393939394,438.7462121212121,0,338
3,339,24.045454545454547,438.4834710743802,0,339
3,340,38.17948717948718,442.2307692307692,0,340
3,341,146.87394957983193,444.4117647058824,0,341
3,342,484.95580110497235,444.9889502762431,0,342
3,343,440.863309352518,443.9064748201439,0,343
3,344,47.69318181818182,447.0113636363636,0,344
3,345,68.61467889908256,446.89908256880733,0,345
3,346,119.1963190184049,448.2147239263804,0,346
3,347,342.2121212121212,449.19191919191917,0,347
3,348,20.256830601092897,450.94535519125685,0,348
3,349,176.15384615384616,453.0923076923077,0,349
3,350,422.19718309859155,452.53521126760563,0,350
3,351,37.8502994011976,457.52694610778445,0,351
3,352,340.3628318584071,458.1858407079646,0,352
3,353,372.4818181818182,455.6090909090909,0,353
3,354,240.00671140939596,457.3557046979866,0,354
3,355,494.2156862745098,457.6143790849673,0,355
3,356,174.4723926380368,465.30674846625766,0,356
3,357,22.43971631205674,461.4326241134752,0,357
3,358,71.51181102362204,460.86614173228344,0,358
3,359,261.8263473053892,462.5508982035928,0,359
3,360,331.7412587412587,464.09090909090907,0,360
3,361,83.01666666666667,464.3,0,361
3,362,104.91666666666667,463.3666666666667,0,362
3,363,396.3974358974359,465.3376068376068,0,363
3,364,468.7142857142857,470.0357142857143,0,364
3,365,160.1860465116279,470.1767441860465,0,365
3,366,14.104089219330856,474.9182156133829,0,366
3,367,47.142857142857146,472.6390977443609,0,367
3,368,199.68859649122808,473.20175438596493,0,368
3,369,25.651006711409394,474.46308724832215,0,369
3,370,226.24561403508773,472.359649122807,0,370
3,371,441.7908163265306,474.1479591836735,0,371
3,372,110.34033613445378,472.47899159663865,0,372
3,373,128.74025974025975,475.012987012987,0,373
3,374,335.2710843373494,476.0240963855422,0,374
3,375,275.8508287292818,476.96132596685084,0,375
3,376,497.3292682926829,481.0243902439024,0,376
3,377,88.62878787878788,482.5984848484849,0,377
3,378,122.89820359281437,484.62874251497004,0,378
3,379,24.426356589147286,486.84496124031006,0,379
3,380,478.24545454545455,485.2909090909091,0,380
3,381,140.1741935483871,489.1225806451613,0,381
3,382,250.48192771084337,486.7048192771084,0,382
3,383,416.59537572254334,490.1676300578035,0,383
3,384,209.71938775510205,496.0,0,384
3,385,339.0591715976331,493.96449704142015,0,385
3,386,61.878706199460915,497.64150943396226,0,386
3,387,454.5,497.3150684931507,0,387
3,388,503.61224489795916,497.3469387755102,0,388
3,389,282.1782945736434,498.5348837209302,0,389
3,390,358.76771653543307,500.90157480314963,0,390
3,391,21.511111111111113,502.8888888888889,0,391
3,392,10.833333333333334,503.6666666666667,0,392
3,393,482.4622641509434,504.54716981132077,0,393
4,1,136.54794520547946,8.863013698630137,0,1
4,2,148.80503144654088,9.647798742138365,0,2
4,3,164.89690721649484,10.68041237113402,0,3
4,4,40.28181818181818,10.9,0,4
4,5,52.294117647058826,11.362745098039216,0,5
4,6,99.6923076923077,11.085470085470085,0,6
4,7,243.8227848101266,14.430379746835444,0,7
4,8,77.27777777777777,18.26388888888889,0,8
4,9,12.893103448275863,14.575862068965517,0,9
4,10,436.3265306122449,17.462585034013607,0,10
4,11,298.7751196172249,16.15311004784689,0,11
4,12,172.49473684210525,21.768421052631577,0,12
4,13,198.59712230215828,20.46043165467626,0,13
4,14,408.1311475409836,23.28688524590164,0,14
4,15,362.07751937984494,20.224806201550386,0,15
4,16,230.18367346938774,26.693877551020407,0,16
4,17,327.8612244897959,33.734693877551024,0,17
4,18,491.4563758389262,25.906040268456376,0,18
4,19,425.4343434343434,24.772727272727273,0,19
4,20,441.495652173913,27.94782608695652,0,20
4,21,50.06122448979592,28.602040816326532,0,21
4,22,278.1990521327014,28.246445497630333,0,22
4,23,365.88,30.16,0,23
4,24,454.5607843137255,23.066666666666666,0,24
4,25,123.42857142857143,30.678571428571427,0,25
4,26,462.83870967741933,31.629032258064516,0,26
4,27,34.150442477876105,31.97345132743363,0,27
4,28,152.3923076923077,31.9,0,28
4,29,253.24590163934425,34.01639344262295,0,29
4,30,400.56666666666666,34.0,0,30
4,31,57.252873563218394,37.37931034482759,0,31
4,32,49.07692307692308,38.666666666666664,0,32
4,33,8.293103448275861,38.5,0,33
4,34,114.76923076923077,38.738461538461536,0,34
4,35,206.40384615384616,40.03846153846154,0,35
4,36,72.98473282442748,42.31297709923664,0,36
4,37,90.89247311827957,43.763440860215056,0,37
4,38,211.3921568627451,44.294117647058826,0,38
4,39,152.3760683760684,43.93162393162393,0,39
4,40,251.03809523809525,43.80952380952381,0,40
4,41,267.05479452054794,46.045662100456624,0,41
4,42,377.8514851485148,44.05940594059406,0,42
4,43,165.48695652173913,45.469565217391306,0,43
4,44,453.74725274725273,47.35164835164835,0,44
4,45,52.03921568627451,47.950980392156865,0,45
4,46,25.901840490797547,48.852760736196316,0,46
4,47,178.728,50.2,0,47
4,48,186.2520325203252,52.84552845528455,0,48
4,49,136.421875,53.796875,0,49
4,50,90.58536585365853,55.983739837398375,0,50
4,51,489.4945054945055,53.83516483516483,0,51
4,52,285.2972972972973,56.531531531531535,0,52
4,53,331.60169491525426,58.28813559322034,0,53
4,54,397.9,55.42,0,54
4,55,419.55833333333334,56.7,0,55
4,56,359.19161676646706,60.56287425149701,0,56
4,57,66.38775510204081,61.197278911564624,0,57
4,58,223.41447368421052,64.0,0,58
4,59,407.9908256880734,63.055045871559635,0,59
4,60,462.1309523809524,62.94642857142857,0,60
4,61,323.0,65.71052631578948,0,61
4,62,253.6747967479675,66.55284552845528,0,62
4,63,474.1067961165049,66.05339805825243,0,63
4,64,107.2936507936508,67.37301587301587,0,64
4,65,148.84293193717278,71.98429319371728,0,65
4,66,364.48192771084337,70.87951807228916,0,66
4,67,384.11764705882354,70.41176470588235,0,67
4,68,488.5777777777778,70.99555555555555,0,68
4,69,43.9375,72.58522727272727,0,69
4,70,227.62025316455697,74.0379746835443,0,70
4,71,22.862745098039216,76.07843137254902,0,71
4,72,473.06113537117903,78.56331877729258,0,72
4,73,194.21161825726142,79.81742738589212,0,73
4,74,299.0,77.32142857142857,0,74
4,75,444.1140350877193,78.14035087719299,0,75
4,76,277.7882882882883,83.29729729729729,0,76
4,77,354.42391304347825,82.51086956521739,0,77
4,78,21.690322580645162,86.27096774193548,0,78
4,79,327.0762711864407,82.95762711864407,0,79
4,80,425.12857142857143,89.82857142857142,0,80
4,81,120.9766355140187,88.57943925233644,0,81
4,82,210.9903846153846,91.64423076923077,0,82
4,83,249.46285714285713,90.97142857142858,0,83
4,84,352.0,93.44680851063829,0,84
4,85,372.24675324675326,92.63636363636364,0,85
4,86,232.15652173913043,93.79130434782608,0,86
4,87,340.26785714285717,97.24107142857143,0,87
4,88,300.4871794871795,100.39102564102564,0,88
4,89,86.55757575757576,97.87878787878788,0,89
4,90,159.1457627118644,99.39661016949152,0,90
4,91,404.4433962264151,103.55660377358491,0,91
4,92,450.56302521008405,103.52941176470588,0,92
4,93,486.5074626865672,102.51492537313433,0,93
4,94,183.9945054945055,104.97252747252747,0,94
4,95,373.1509433962264,107.62264150943396,0,95
4,96,86.37885462555066,109.46255506607929,0,96
4,97,327.0,110.0,0,97
4,98,44.8,110.84444444444445,0,98
4,99,384.7027027027027,114.01801801801801,0,99
4,100,395.8888888888889,114.33333333333333,0,100
4,101,217.64467005076142,116.55329949238579,0,101
4,102,274.3967391304348,117.3586956521739,0,102
4,103,308.2878787878788,119.70454545454545,0,103
4,104,247.08163265306123,119.13265306122449,0,104
4,105,262.35714285714283,125.90357142857142,0,105
4,106,374.25888324873097,122.72081218274111,0,106
4,107,344.36686390532543,125.03550295857988,0,107
4,108,362.50243902439024,121.20975609756097,0,108
4,109,144.35314685314685,127.96853146853147,0,109
4,110,97.92771084337349,127.19277108433735,0,110
4,111,216.15934065934067,130.85164835164835,0,111
4,112,286.0,128.68032786885246,0,112
4,113,436.24242424242425,127.60606060606061,0,113
4,114,111.41013824884793,135.50230414746545,0,114
4,115,320.35616438356163,135.46575342465752,0,115
4,116,294.40495867768595,135.96694214876032,0,116
4,117,473.62048192771084,134.8012048192771,0,117
4,118,235.21527777777777,136.95138888888889,0,118
4,119,461.6411764705882,138.11176470588236,0,119
4,120,98.14765100671141,138.53691275167785,0,120
4,121,370.27777777777777,139.38888888888889,0,121
4,122,400.9142857142857,142.16190476190476,0,122
4,123,297.7816091954023,145.01149425287358,0,123
4,124,342.4256756756757,146.3783783783784,0,124
4,125,254.29716981132074,151.87264150943398,0,125
4,126,116.23348017621146,154.20264317180616,0,126
4,127,356.03960396039605,155.68316831683168,0,127
4,128,445.0431034482759,156.92241379310346,0,128
4,129,212.85875706214688,154.21468926553672,0,129
4,130,76.78947368421052,155.6315789473684,0,130
4,131,424.1078431372549,156.6078431372549,0,131
4,132,478.5444444444444,157.48888888888888,0,132
4,133,280.9609375,157.015625,0,133
4,134,47.38834951456311,155.3106796116505,0,134
4,135,164.50806451612902,158.30645161290323,0,135
4,136,315.32323232323233,160.0909090909091,0,136
4,137,390.180790960452,161.4915254237288,0,137
4,138,370.719696969697,163.86363636363637,0,138
4,139,503.27450980392155,166.52941176470588,0,139
4,140,330.019801980198,170.03960396039605,0,140
4,141,260.2420382165605,173.9936305732484,0,141
4,142,351.5432098765432,174.1604938271605,0,142
4,143,220.52777777777777,178.05555555555554,0,143
4,144,452.3936170212766,181.54964539007094,0,144
4,145,418.4300518134715,177.8082901554404,0,145
4,146,487.561797752809,177.9943820224719,0,146
4,147,247.43809523809523,180.02380952380952,0,147
4,148,306.80357142857144,180.06428571428572,0,148
4,149,166.57051282051282,185.3846153846154,0,149
4,150,22.94418604651163,184.93023255813952,0,150
4,151,391.9159663865546,188.7310924369748,0,151
4,152,237.68613138686132,190.4890510948905,0,152
4,153,105.02431610942249,192.50455927051672,0,153
4,154,418.1496598639456,192.12925170068027,0,154
4,155,54.86986301369863,195.4041095890411,0,155
4,156,268.32142857142856,196.9030612244898,0,156
4,157,320.8235294117647,195.72549019607843,0,157
4,158,356.3529411764706,198.55080213903744,0,158
4,159,292.943661971831,199.7699530516432,0,159
4,160,77.37254901960785,209.3921568627451,0,160
4,161,388.3697916666667,211.90625,0,161
4,162,459.60360360360363,211.97297297297297,0,162
4,163,503.9873417721519,213.53164556962025,0,163
4,164,438.8181818181818,214.17045454545453,0,164
4,165,291.46153846153845,218.7094017094017,0,165
4,166,496.6223404255319,219.04787234042553,0,166
4,167,227.25806451612902,218.74193548387098,0,167
4,168,203.73232323232324,220.91919191919192,0,168
4,169,282.58474576271186,221.9322033898305,0,169
4,170,427.75471698113205,223.76415094339623,0,170
4,171,67.69945355191257,224.34972677595627,0,171
4,172,370.2027027027027,223.78378378378378,0,172
4,173,259.86633663366337,223.44554455445544,0,173
4,174,131.02027027027026,225.7972972972973,0,174
4,175,318.99043062200957,226.86602870813397,0,175
4,176,377.62264150943395,226.72641509433961,0,176
4,177,236.87962962962962,227.09259259259258,0,177
4,178,472.94059405940595,226.77227722772278,0,178
4,179,172.73008849557522,225.07079646017698,0,179
4,180,227.08823529411765,228.87254901960785,0,180
4,181,409.60714285714283,227.79464285714286,0,181
4,182,341.0829268292683,230.94146341463414,0,182
4,183,25.467105263157894,231.9671052631579,0,183
4,184,358.96666666666664,233.51333333333332,0,184
4,185,108.9939393939394,236.77575757575758,0,185
4,186,299.4533333333333,235.96,0,186
4,187,307.8658536585366,236.0487804878049,0,187
4,188,61.473684210526315,236.96842105263158,0,188
4,189,440.6326530612245,237.59183673469389,0,189
4,190,162.23783783783784,245.67027027027027,0,190
4,191,149.58139534883722,244.42635658914728,0,191
4,192,454.9655172413793,247.3793103448276,0,192
4,193,385.6842105263158,246.3684210526316,0,193
4,194,420.2608695652174,250.08695652173913,0,194
4,195,496.6857142857143,252.89714285714285,0,195
4,196,249.77678571428572,256.79761904761904,0,196
4,197,141.981981981982,260.3693693693694,0,197
4,198,273.3006134969325,260.23926380368096,0,198
4,199,437.963963963964,260.3333333333333,0,199
4,200,474.54716981132077,256.1981132075472,0,200
4,201,100.008,259.552,0,201
4,202,499.5442176870748,264.3469387755102,0,202
4,203,370.53005464480873,266.59562841530055,0,203
4,204,457.77777777777777,267.6666666666667,0,204
4,205,447.0,267.79527559055117,0,205
4,206,132.56896551724137,271.5258620689655,0,206
4,207,180.91304347826087,270.5652173913044,0,207
4,208,416.49,273.615,0,208
4,209,38.76724137931034,276.6810344827586,0,209
4,210,65.66315789473684,277.4947368421053,0,210
4,211,456.72185430463577,276.3973509933775,0,211
4,212,470.94160583941607,275.2992700729927,0,212
4,213,151.63945578231292,280.55102040816325,0,213
4,214,92.54545454545455,279.6727272727273,0,214
4,215,23.240909090909092,280.94545454545454,0,215
4,216,86.64935064935065,283.1948051948052,0,216
4,217,447.5375,285.975,0,217
4,218,54.88793103448276,290.17241379310343,0,218
4,219,412.10169491525426,296.70621468926555,0,219
4,220,125.22608695652174,296.0086956521739,0,220
4,221,162.41129032258064,298.0967741935484,0,221
4,222,290.37640449438203,297.85955056179773,0,222
4,223,385.5133333333333,300.14,0,223
4,224,194.7883597883598,301.978835978836,0,224
4,225,362.9612403100775,303.6589147286822,0,225
4,226,460.6503067484663,302.1042944785276,0,226
4,227,95.22413793103448,304.5919540229885,0,227
4,228,498.6475409836066,307.10655737704917,0,228
4,229,441.39669421487605,310.44628099173553,0,229
4,230,119.11111111111111,311.73148148148147,0,230
4,231,387.5163934426229,312.37704918032784,0,231
4,232,95.11023622047244,316.87401574803147,0,232
4,233,51.19108280254777,316.484076433121,0,233
4,234,176.76271186440678,328.0508474576271,0,234
4,235,330.3008849557522,329.66814159292034,0,235
4,236,480.95238095238096,327.0952380952381,0,236
4,237,37.758823529411764,330.9,0,237
4,238,362.0681818181818,330.32272727272726,0,238
4,239,92.21022727272727,331.10227272727275,0,239
4,240,262.4079754601227,334.42024539877303,0,240
4,241,151.7258064516129,338.1693548387097,0,241
4,242,391.61333333333334,334.61333333333334,0,242
4,243,457.56934306569343,338.45985401459853,0,243
4,244,83.26451612903226,340.2,0,244
4,245,432.7937062937063,343.57342657342656,0,245
4,246,394.63492063492066,340.1666666666667,0,246
4,247,138.43103448275863,344.7758620689655,0,247
4,248,492.42384105960264,345.2317880794702,0,248
4,249,326.28859060402687,348.1275167785235,0,249
4,250,194.40740740740742,349.1574074074074,0,250
4,251,25.5,352.5,0,251
4,252,173.83928571428572,352.375,0,252
4,253,403.3541666666667,357.625,0,253
4,254,108.26388888888889,359.4513888888889,0,254
4,255,419.4,362.81176470588235,0,255
4,256,370.62380952380954,362.87619047619046,0,256
4,257,85.1025641025641,365.4166666666667,0,257
4,258,26.50354609929078,367.5744680851064,0,258
4,259,500.74,369.24666666666667,0,259
4,260,13.574626865671641,371.64179104477614,0,260
4,261,139.46846846846847,372.8198198198198,0,261
4,262,35.00714285714286,376.87857142857143,0,262
4,263,479.74054054054056,379.5945945945946,0,263
4,264,329.7457627118644,380.0,0,264
4,265,97.1744966442953,382.1543624161074,0,265
4,266,80.9795918367347,385.8816326530612,0,266
4,267,452.8974358974359,388.35897435897436,0,267
4,268,161.67832167832168,387.56643356643355,0,268
4,269,177.26315789473685,390.7236842105263,0,269
4,270,262.51798561151077,395.2230215827338,0,270
4,271,499.5652173913044,395.5271739130435,0,271
4,272,62.57798165137615,399.61467889908255,0,272
4,273,75.18595041322314,399.400826446281,0,273
4,274,302.3865030674847,401.85276073619633,0,274
4,275,166.5125,404.6,0,275
4,276,465.90697674418607,405.8837209302326,0,276
4,277,427.4347826086956,406.5217391304348,0,277
4,278,82.08695652173913,409.9710144927536,0,278
4,279,93.02429149797571,411.8218623481781,0,279
4,280,258.0719424460432,409.23021582733816,0,280
4,281,246.88333333333333,411.3833333333333,0,281
4,282,137.16836734693877,410.4438775510204,0,282
4,283,165.55882352941177,417.8764705882353,0,283
4,284,478.03225806451616,415.80645161290323,0,284
4,285,196.8793103448276,418.61206896551727,0,285
4,286,273.1546961325967,419.22651933701655,0,286
4,287,184.0891089108911,418.1089108910891,0,287
4,288,235.78151260504202,423.6218487394958,0,288
4,289,316.44,422.61333333333334,0,289
4,290,192.14788732394365,429.3521126760563,0,290
4,291,217.42477876106196,429.53982300884957,0,291
4,292,437.21014492753625,432.0,0,292
4,293,118.01315789473684,435.68859649122805,0,293
4,294,308.10714285714283,438.4357142857143,0,294
4,295,272.4782608695652,443.42028985507244,0,295
4,296,12.229508196721312,445.60655737704917,0,296
4,297,499.1020408163265,447.7244897959184,0,297
4,298,74.352,452.264,0,298
4,299,98.31491712707182,447.8563535911602,0,299
4,300,492.3333333333333,461.91515151515154,0,300
4,301,102.27058823529411,465.6588235294118,0,301
4,302,67.73593073593074,466.53246753246754,0,302
4,303,95.20202020202021,467.1010101010101,0,303
4,304,145.96638655462183,474.56302521008405,0,304
4,305,62.47286821705426,478.5658914728682,0,305
4,306,31.649484536082475,482.840206185567,0,306
4,307,77.68944099378882,480.67080745341616,0,307
4,308,146.48366013071896,485.58169934640523,0,308
4,309,467.71223021582733,482.45323741007195,0,309
4,310,95.27272727272727,487.006993006993,0,310
4,311,116.28,486.664,0,311
4,312,66.61581920903954,493.2994350282486,0,312
4,313,491.3048780487805,502.1585365853659,0,313
5,1,91.71875,7.020833333333333,0,1
5,2,228.8082191780822,8.191780821917808,0,2
5,3,145.33644859813083,9.345794392523365,0,3
5,4,242.5529411764706,10.729411764705882,0,4
5,5,101.95901639344262,11.967213114754099,0,5
5,6,292.4852941176471,12.034313725490197,0,6
5,7,316.47,12.53,0,7
5,8,112.50802139037434,18.053475935828878,0,8
5,9,36.585903083700444,13.361233480176212,0,9
5,10,80.25510204081633,16.979591836734695,0,10
5,11,186.21052631578948,18.93421052631579,0,11
5,12,65.95348837209302,16.260465116279068,0,12
5,13,398.4222222222222,21.08888888888889,0,13
5,14,327.4259259259259,22.175925925925927,0,14
5,15,425.3636363636364,24.643939393939394,0,15
5,16,13.17094017094017,22.77777777777778,0,16
5,17,261.83,24.92,0,17
5,18,356.905325443787,26.24852071005917,0,18
5,19,408.45360824742266,24.65979381443299,0,19
5,20,51.78,27.04,0,20
5,21,387.3425925925926,25.805555555555557,0,21
5,22,244.37333333333333,27.346666666666668,0,22
5,23,433.59558823529414,31.433823529411764,0,23
5,24,94.10828025477707,28.643312101910826,0,24
5,25,110.14912280701755,31.710526315789473,0,25
5,26,154.8594249201278,30.27476038338658,0,26
5,27,292.6551724137931,31.528735632183906,0,27
5,28,199.9878787878788,31.96969696969697,0,28
5,29,240.8223350253807,35.17766497461929,0,29
5,30,300.4268292682927,35.573170731707314,0,30
5,31,327.1304347826087,34.05434782608695,0,31
5,32,18.965174129353233,33.41293532338308,0,32
5,33,61.705882352941174,34.77450980392157,0,33
5,34,220.97916666666666,38.4375,0,34
5,35,361.6204379562044,40.518248175182485,0,35
5,36,316.5980392156863,40.411764705882355,0,36
5,37,94.51162790697674,41.47674418604651,0,37
5,38,44.894444444444446,41.85,0,38
5,39,336.6219512195122,41.1280487804878,0,39
5,40,236.5125,43.075,0,40
5,41,78.4390243902439,45.23170731707317,0,41
5,42,284.98837209302326,44.593023255813954,0,42
5,43,300.6595744680851,45.005319148936174,0,43
5,44,127.58260869565217,50.85217391304348,0,44
5,45,30.133333333333333,50.955555555555556,0,45
5,46,270.4015151515151,52.31818181818182,0,46
5,47,204.93150684931507,50.06849315068493,0,47
5,48,287.1,52.5125,0,48
5,49,380.58483754512633,51.42599277978339,0,49
5,50,403.5882352941176,53.009803921568626,0,50
5,51,341.6025641025641,53.44230769230769,0,51
5,52,197.04972375690608,54.53591160220994,0,52
5,53,448.4573643410853,53.48062015503876,0,53
5,54,72.95419847328245,55.51908396946565,0,54
5,55,170.40823970037454,56.27715355805243,0,55
5,56,229.53061224489795,54.08843537414966,0,56
5,57,324.671875,57.8046875,0,57
5,58,11.063953488372093,58.19186046511628,0,58
5,59,105.58024691358025,59.629629629629626,0,59
5,60,461.8582677165354,60.62992125984252,0,60
5,61,284.8301886792453,60.783018867924525,0,61
5,62,424.1794871794872,60.61538461538461,0,62
5,63,87.50602409638554,65.96987951807229,0,63
5,64,253.91186440677967,65.7593220338983,0,64
5,65,473.0888888888889,66.64444444444445,0,65
5,66,187.63636363636363,66.45454545454545,0,66
5,67,58.66225165562914,68.48344370860927,0,67
5,68,128.03191489361703,70.67021276595744,0,68
5,69,228.9234693877551,75.91836734693878,0,69
5,70,383.9922178988327,65.8171206225681,0,70
5,71,196.1529411764706,72.61176470588235,0,71
5,72,24.38888888888889,71.8425925925926,0,72
5,73,442.87719298245617,73.45614035087719,0,73
5,74,206.35294117647058,73.88235294117646,0,74
5,75,288.585635359116,74.2486187845304,0,75
5,76,383.8125,75.25,0,76
5,77,433.3727272727273,74.72727272727273,0,77
5,78,218.20253164556962,76.72151898734177,0,78
5,79,376.972602739726,78.28767123287672,0,79
5,80,127.4090909090909,79.36363636363636,0,80
5,81,177.91666666666666,77.7051282051282,0,81
5,82,200.2054794520548,79.78082191780823,0,82
5,83,310.44242424242424,78.35151515151514,0,83
5,84,352.53416149068323,82.87577639751552,0,84
5,85,161.20909090909092,80.89090909090909,0,85
5,86,266.1959287531807,80.49872773536896,0,86
5,87,338.3398058252427,80.5631067961165,0,87
5,88,38.09243697478992,81.75630252100841,0,88
5,89,213.09333333333333,83.64,0,89
5,90,206.13095238095238,86.20238095238095,0,90
5,91,148.72614107883817,83.90871369294605,0,91
5,92,471.258064516129,86.90322580645162,0,92
5,93,107.3,87.82222222222222,0,93
5,94,410.2554347826087,93.20108695652173,0,94
5,95,12.0,89.70676691729324,0,95
5,96,26.99009900990099,90.54455445544555,0,96
5,97,58.83653846153846,91.5673076923077,0,97
5,98,366.1171875,90.1328125,0,98
5,99,477.96491228070175,92.57894736842105,0,99
5,100,318.9112426035503,96.81656804733728,0,100
5,101,31.53684210526316,97.70526315789473,0,101
5,102,448.8863636363636,96.14393939393939,0,102
5,103,472.6811594202899,97.26086956521739,0,103
5,104,158.10655737704917,98.5327868852459,0,104
5,105,77.90041493775934,100.85892116182572,0,105
5,106,497.3478260869565,100.69565217391305,0,106
5,107,143.89673913043478,100.92391304347827,0,107
5,108,179.96842105263158,99.70526315789473,0,108
5,109,240.13397129186603,101.77511961722487,0,109
5,110,290.5748502994012,101.63473053892216,0,110
5,111,65.55319148936171,103.94680851063829,0,111
5,112,89.9578947368421,103.01052631578948,0,112
5,113,385.37751004016064,100.63855421686748,0,113
5,114,427.4479166666667,103.66666666666667,0,114
5,115,58.753246753246756,105.81818181818181,0,115
5,116,473.034965034965,107.46853146853147,0,116
5,117,435.34615384615387,111.07692307692308,0,117
5,118,222.33064516129033,109.75,0,118
5,119,167.50306748466258,112.95705521472392,0,119
5,120,183.76470588235293,111.23529411764706,0,120
5,121,318.04918032786884,111.91803278688525,0,121
5,122,404.0,114.5,0,122
5,123,50.24545454545454,115.41818181818182,0,123
5,124,17.414414414414413,117.24324324324324,0,124
5,125,484.9864864864865,114.6891891891892,0,125
5,126,130.40983606557376,115.1639344262295,0,126
5,127,339.1188811188811,118.4055944055944,0,127
5,128,450.35714285714283,121.66071428571429,0,128
5,129,494.030303030303,124.78030303030303,0,129
5,130,107.13888888888889,123.57222222222222,0,130
5,131,440.6967213114754,123.31967213114754,0,131
5,132,290.8763440860215,129.4784946236559,0,132
5,133,458.02061855670104,127.5979381443299,0,133
5,134,232.8345864661654,128.74436090225564,0,134
5,135,245.4191176470588,130.06617647058823,0,135
5,136,384.6296296296296,127.56481481481481,0,136
5,137,414.0,128.2,0,137
5,138,471.4124293785311,127.64406779661017,0,138
5,139,55.01190476190476,130.96428571428572,0,139
5,140,346.6666666666667,130.73611111111111,0,140
5,141,87.27659574468085,134.3787234042553,0,141
5,142,210.24644549763033,133.4834123222749,0,142
5,143,40.38211382113821,132.4390243902439,0,143
5,144,116.61029411764706,134.69117647058823,0,144
5,145,321.4557823129252,134.57142857142858,0,145
5,146,488.2183908045977,135.3448275862069,0,146
5,147,143.4793388429752,136.65289256198346,0,147
5,148,158.69444444444446,134.36805555555554,0,148
5,149,418.59166666666664,137.81666666666666,0,149
5,150,12.430769230769231,138.72307692307692,0,150
5,151,102.8,140.08,0,151
5,152,181.9918699186992,138.9430894308943,0,152
5,153,343.8918918918919,140.1216216216216,0,153
5,154,388.4054054054054,143.47747747747746,0,154
5,155,439.33720930232556,143.43023255813952,0,155
5,156,132.26363636363635,144.25454545454545,0,156
5,157,263.16901408450707,147.44600938967136,0,157
5,158,482.4742268041237,144.17525773195877,0,158
5,159,360.07142857142856,144.87755102040816,0,159
5,160,163.32051282051282,146.5448717948718,0,160
5,161,491.1506849315069,146.2876712328767,0,161
5,162,196.2871287128713,148.0,0,162
5,163,249.41322314049586,148.50413223140495,0,163
5,164,346.55263157894734,148.8684210526316,0,164
5,165,32.66393442622951,150.70491803278688,0,165
5,166,81.1063829787234,151.5212765957447,0,166
5,167,67.32075471698113,151.77358490566039,0,167
5,168,115.82075471698113,151.0188679245283,0,168
5,169,367.17894736842106,151.9157894736842,0,169
5,170,446.0,155.23076923076923,0,170
5,171,302.70520231213874,156.46820809248555,0,171
5,172,462.83809523809526,154.9904761904762,0,172
5,173,224.0672268907563,162.58823529411765,0,173
5,174,488.6777777777778,163.63333333333333,0,174
5,175,430.98979591836735,163.90816326530611,0,175
5,176,103.35106382978724,164.18617021276594,0,176
5,177,142.81981981981983,164.6846846846847,0,177
5,178,411.63461538461536,164.53846153846155,0,178
5,179,468.0,164.6153846153846,0,179
5,180,382.3228346456693,165.2204724409449,0,180
5,181,452.3057851239669,167.0,0,181
5,182,16.37878787878788,167.9318181818182,0,182
5,183,45.446280991735534,167.68595041322314,0,183
5,184,494.4320987654321,168.88888888888889,0,184
5,185,481.09722222222223,169.59722222222223,0,185
5,186,330.3885714285714,174.06857142857143,0,186
5,187,271.1967213114754,173.00819672131146,0,187
5,188,472.4166666666667,174.88888888888889,0,188
5,189,70.456,174.976,0,189
5,190,122.95652173913044,175.24347826086955,0,190
5,191,132.54054054054055,174.43243243243242,0,191
5,192,491.7204301075269,181.06451612903226,0,192
5,193,191.29255319148936,179.43085106382978,0,193
5,194,463.25581395348837,181.37209302325581,0,194
5,195,159.86725663716814,181.97345132743362,0,195
5,196,375.03472222222223,185.63194444444446,0,196
5,197,224.5548780487805,186.21341463414635,0,197
5,198,349.44117647058823,187.89705882352942,0,198
5,199,424.21666666666664,186.94166666666666,0,199
5,200,64.31746031746032,191.84126984126985,0,200
5,201,111.67532467532467,194.37662337662337,0,201
5,202,215.80263157894737,193.64473684210526,0,202
5,203,448.7894736842105,197.30526315789473,0,203
5,204,83.75182481751825,196.25547445255475,0,204
5,205,400.93457943925233,197.60747663551402,0,205
5,206,33.80327868852459,198.09426229508196,0,206
5,207,270.96638655462186,199.15126050420167,0,207
5,208,472.697247706422,198.58715596330276,0,208
5,209,151.65833333333333,199.475,0,209
5,210,363.8189655172414,203.5,0,210
5,211,501.9015151515151,203.92424242424244,0,211
5,212,15.418181818181818,204.0,0,212
5,213,41.88,205.42,0,213
5,214,122.8984375,209.2734375,0,214
5,215,248.13829787234042,208.3404255319149,0,215
5,216,202.82165605095543,209.8343949044586,0,216
5,217,435.6857142857143,209.2,0,217
5,218,370.9685039370079,214.17322834645668,0,218
5,219,51.42553191489362,215.4468085106383,0,219
5,220,302.7986577181208,213.83892617449663,0,220
5,221,79.5377358490566,220.02830188679246,0,221
5,222,397.5,220.08602150537635,0,222
5,223,229.66666666666666,220.2170542635659,0,223
5,224,34.06849315068493,222.72602739726028,0,224
5,225,435.76106194690266,223.44247787610618,0,225
5,226,286.4787878787879,220.8909090909091,0,226
5,227,301.8272727272727,225.5090909090909,0,227
5,228,48.75,225.52,0,228
5,229,178.42567567567568,225.5810810810811,0,229
5,230,487.21,225.33,0,230
5,231,71.52032520325203,226.70731707317074,0,231
5,232,98.40697674418605,229.56976744186048,0,232
5,233,137.47282608695653,227.5923913043478,0,233
5,234,288.9712230215827,231.41007194244605,0,234
5,235,257.6,227.25555555555556,0,235
5,236,161.0632183908046,228.2816091954023,0,236
5,237,419.5376344086022,230.8494623655914,0,237
5,238,364.44347826086954,231.44347826086957,0,238
5,239,453.5546218487395,234.94957983193277,0,239
5,240,401.0,236.36521739130436,0,240
5,241,124.11764705882354,235.97058823529412,0,241
5,242,35.30107526881721,240.03225806451613,0,242
5,243,466.1818181818182,240.42857142857142,0,243
5,244,66.4375,240.28571428571428,0,244
5,245,390.39823008849555,242.13274336283186,0,245
5,246,492.48618784530385,238.98342541436463,0,246
5,247,50.05102040816327,245.0204081632653,0,247
5,248,380.07801418439715,248.39007092198582,0,248
5,249,458.04672897196264,245.66355140186917,0,249
5,250,217.0759493670886,248.18987341772151,0,250
5,251,347.9078341013825,243.43778801843317,0,251
5,252,500.685393258427,251.02247191011236,0,252
5,253,20.097560975609756,250.3089430894309,0,253
5,254,184.354609929078,248.75886524822695,0,254
5,255,96.05479452054794,249.6164383561644,0,255
5,256,411.40816326530614,253.25510204081633,0,256
5,257,437.94805194805195,250.46753246753246,0,257
5,258,34.2317880794702,252.49006622516555,0,258
5,259,126.09433962264151,253.5,0,259
5,260,45.69,254.35,0,260
5,261,397.8181818181818,253.8272727272727,0,261
5,262,470.7936507936508,254.52380952380952,0,262
5,263,104.36274509803921,256.8921568627451,0,263
5,264,229.8910891089109,259.3762376237624,0,264
5,265,477.8,258.77894736842103,0,265
5,266,440.95238095238096,259.85714285714283,0,266
5,267,366.4659685863874,262.32984293193715,0,267
5,268,24.051546391752577,261.9587628865979,0,268
5,269,450.8076923076923,260.1384615384615,0,269
5,270,60.97345132743363,261.8407079646018,0,270
5,271,120.05172413793103,266.4396551724138,0,271
5,272,152.5974025974026,262.4025974025974,0,272
5,273,72.625,266.1015625,0,273
5,274,333.09183673469386,268.2448979591837,0,274
5,275,84.776,273.624,0,275
5,276,261.84251968503935,272.2834645669291,0,276
5,277,312.0673575129534,272.3523316062176,0,277
5,278,13.207253886010363,276.4300518134715,0,278
5,279,287.98039215686276,278.18954248366015,0,279
5,280,501.45283018867923,276.66037735849056,0,280
5,281,251.12686567164178,276.6940298507463,0,281
5,282,350.86538461538464,281.3333333333333,0,282
5,283,409.26,279.11,0,283
5,284,74.80952380952381,281.5047619047619,0,284
5,285,112.90721649484536,282.92783505154637,0,285
5,286,57.539568345323744,282.48920863309354,0,286
5,287,317.06779661016947,287.93220338983053,0,287
5,288,393.3452380952381,285.4642857142857,0,288
5,289,214.97058823529412,286.6764705882353,0,289
5,290,442.47278911564626,285.93197278911566,0,290
5,291,498.1489361702128,287.3404255319149,0,291
5,292,372.5811965811966,289.6752136752137,0,292
5,293,47.01898734177215,289.4873417721519,0,293
5,294,292.44954128440367,289.0275229357798,0,294
5,295,468.69166666666666,289.30833333333334,0,295
5,296,119.5220588235294,292.38235294117646,0,296
5,297,390.3888888888889,292.9555555555556,0,297
5,298,180.53846153846155,294.7692307692308,0,298
5,299,234.6590909090909,295.21590909090907,0,299
5,300,277.1521739130435,298.96086956521737,0,300
5,301,488.937106918239,297.9308176100629,0,301
5,302,96.49615384615385,295.70384615384614,0,302
5,303,431.504347826087,298.2260869565217,0,303
5,304,348.9013452914798,299.8116591928251,0,304
5,305,452.82783882783883,300.3626373626374,0,305
5,306,438.26143790849676,304.08496732026146,0,306
5,307,30.078534031413614,302.65968586387436,0,307
5,308,133.1643192488263,309.7981220657277,0,308
5,309,160.59302325581396,309.9767441860465,0,309
5,310,294.58196721311475,312.5327868852459,0,310
5,311,317.96363636363634,311.7909090909091,0,311
5,312,177.85294117647058,314.05882352941177,0,312
5,313,189.83050847457628,315.3220338983051,0,313
5,314,458.3587786259542,315.90076335877865,0,314
5,315,7.051851851851852,315.9555555555556,0,315
5,316,95.6470588235294,317.7843137254902,0,316
5,317,154.07777777777778,318.31111111111113,0,317
5,318,480.46715328467155,318.7299270072993,0,318
5,319,361.97058823529414,318.77941176470586,0,319
5,320,376.6507936507937,318.53968253968253,0,320
5,321,448.7008310249307,320.51523545706374,0,321
5,322,288.6666666666667,320.40909090909093,0,322
5,323,112.25,320.0,0,323
5,324,71.88613861386139,319.2821782178218,0,324
5,325,417.5072463768116,324.07246376811594,0,325
5,326,220.0,330.5276073619632,0,326
5,327,31.27777777777778,329.73015873015873,0,327
5,328,56.746192893401016,329.79695431472084,0,328
5,329,398.17977528089887,332.0449438202247,0,329
5,330,46.26744186046512,333.7093023255814,0,330
5,331,328.3550724637681,330.57971014492756,0,331
5,332,352.34057971014494,336.3695652173913,0,332
5,333,267.8771186440678,341.8686440677966,0,333
5,334,470.76056338028167,339.73943661971833,0,334
5,335,90.1951219512195,340.4715447154472,0,335
5,336,440.0,339.6258064516129,0,336
5,337,188.4516129032258,344.3790322580645,0,337
5,338,159.83333333333334,344.4141414141414,0,338
5,339,67.53211009174312,346.29357798165137,0,339
5,340,117.42129629629629,348.75925925925924,0,340
5,341,199.62773722627736,347.59124087591243,0,341
5,342,318.425,347.1875,0,342
5,343,46.20224719101124,353.0730337078652,0,343
5,344,321.3804347826087,355.07608695652175,0,344
5,345,472.0810810810811,356.7027027027027,0,345
5,346,193.5045871559633,356.9816513761468,0,346
5,347,335.6631016042781,359.3048128342246,0,347
5,348,257.2083333333333,359.65972222222223,0,348
5,349,417.6041666666667,359.3888888888889,0,349
5,350,169.0,363.5092024539877,0,350
5,351,66.29230769230769,364.4769230769231,0,351
5,352,372.5501858736059,363.542750929368,0,352
5,353,247.62048192771084,364.7951807228916,0,353
5,354,29.412280701754387,363.63157894736844,0,354
5,355,434.28767123287673,365.83561643835617,0,355
5,356,476.92105263157896,364.94736842105266,0,356
5,357,89.71666666666667,365.275,0,357
5,358,79.07926829268293,368.0121951219512,0,358
5,359,231.2156862745098,369.90849673202615,0,359
5,360,330.1521739130435,369.3695652173913,0,360
5,361,35.669642857142854,371.375,0,361
5,362,128.44094488188978,369.65354330708664,0,362
5,363,46.416666666666664,371.6363636363636,0,363
5,364,461.011673151751,369.30739299610894,0,364
5,365,273.34615384615387,374.4230769230769,0,365
5,366,429.83516483516485,376.2197802197802,0,366
5,367,62.13317191283293,386.6900726392252,0,367
5,368,23.16822429906542,382.85046728971963,0,368
5,369,311.7685589519651,386.7423580786026,0,369
5,370,411.53719008264466,388.2314049586777,0,370
5,371,135.45344129554655,389.21457489878543,0,371
5,372,495.09547738693465,389.88442211055275,0,372
5,373,175.02336448598132,389.0,0,373
5,374,38.63565891472868,391.15503875968994,0,374
5,375,340.71527777777777,392.9513888888889,0,375
5,376,54.13076923076923,394.37692307692305,0,376
5,377,211.60773480662982,396.3259668508287,0,377
5,378,43.256830601092894,401.0655737704918,0,378
5,379,477.3543307086614,405.5511811023622,0,379
5,380,362.7886178861789,407.4146341463415,0,380
5,381,216.39473684210526,408.63157894736844,0,381
5,382,62.21400778210117,410.3463035019455,0,382
5,383,388.6095238095238,410.76190476190476,0,383
5,384,430.8165137614679,409.651376146789,0,384
5,385,86.78817733990148,411.7832512315271,0,385
5,386,21.489655172413794,415.02758620689656,0,386
5,387,112.51674641148325,420.0,0,387
5,388,181.88938053097345,416.46017699115043,0,388
5,389,32.03636363636364,421.6484848484848,0,389
5,390,332.67058823529413,422.95882352941175,0,390
5,391,371.9366197183099,421.0281690140845,0,391
5,392,413.6489361702128,422.6914893617021,0,392
5,393,147.46351931330472,425.3304721030043,0,393
5,394,359.4776119402985,429.13432835820896,0,394
5,395,504.21875,426.8671875,0,395
5,396,63.55555555555556,430.73333333333335,0,396
5,397,74.2421052631579,431.9684210526316,0,397
5,398,221.6143790849673,434.01960784313724,0,398
5,399,379.1320754716981,432.00943396226415,0,399
5,400,159.5810810810811,433.0067567567568,0,400
5,401,328.9714285714286,435.0,0,401
5,402,342.43382352941177,432.81617647058823,0,402
5,403,415.5394736842105,434.9868421052632,0,403
5,404,439.60483870967744,437.80645161290323,0,404
5,405,258.55238095238093,438.6952380952381,0,405
5,406,59.734042553191486,438.8829787234043,0,406
5,407,387.212962962963,440.2962962962963,0,407
5,408,74.35714285714286,441.968253968254,0,408
5,409,365.4,443.55384615384617,0,409
5,410,308.251968503937,444.3070866141732,0,410
5,411,118.04081632653062,451.19727891156464,0,411
5,412,140.1290322580645,455.0430107526882,0,412
5,413,288.04926108374383,451.0394088669951,0,413
5,414,38.129629629629626,452.95061728395063,0,414
5,415,159.91666666666666,453.1041666666667,0,415
5,416,62.56410256410256,453.90384615384613,0,416
5,417,91.69594594594595,453.64864864864865,0,417
5,418,206.77333333333334,454.41333333333336,0,418
5,419,420.57307692307694,458.79615384615386,0,419
5,420,332.62280701754383,457.9824561403509,0,420
5,421,377.20512820512823,460.1709401709402,0,421
5,422,9.825806451612904,461.2,0,422
5,423,54.162921348314605,466.1741573033708,0,423
5,424,501.90184049079755,464.32515337423314,0,424
5,425,179.88,469.608,0,425
5,426,272.5982142857143,468.4107142857143,0,426
5,427,357.375,471.2307692307692,0,427
5,428,98.95370370370371,473.85185185185185,0,428
5,429,286.75,475.5882352941176,0,429
5,430,155.36521739130436,478.74782608695654,0,430
5,431,233.2290076335878,477.6793893129771,0,431
5,432,347.04672897196264,478.97196261682245,0,432
5,433,166.39316239316238,479.63247863247864,0,433
5,434,128.8793103448276,481.7011494252874,0,434
5,435,193.87951807228916,480.5301204819277,0,435
5,436,298.84090909090907,482.6212121212121,0,436
5,437,67.87378640776699,483.15533980582524,0,437
5,438,389.4122807017544,481.280701754386,0,438
5,439,62.06666666666667,486.6333333333333,0,439
5,440,22.88095238095238,486.3511904761905,0,440
5,441,447.86486486486484,484.23873873873873,0,441
5,442,412.6511627906977,487.9767441860465,0,442
5,443,380.0945945945946,489.2094594594595,0,443
5,444,102.80416666666666,492.1875,0,444
5,445,218.7311320754717,489.1509433962264,0,445
5,446,431.1140350877193,492.0175438596491,0,446
5,447,267.71264367816093,496.0689655172414,0,447
5,448,319.1161290322581,493.6709677419355,0,448
5,449,208.77205882352942,497.19117647058823,0,449
5,450,350.841628959276,497.5475113122172,0,450
5,451,199.18367346938774,500.7040816326531,0,451
5,452,290.3211678832117,503.985401459854,0,452
6,1,50.16438356164384,7.191780821917808,0,1
6,2,421.8709677419355,9.233870967741936,0,2
6,3,17.412371134020617,9.814432989690722,0,3
6,4,327.48275862068965,11.827586206896552,0,4
6,5,395.4047619047619,12.571428571428571,0,5
6,6,127.9,12.39,0,6
6,7,342.34375,13.729166666666666,0,7
6,8,442.5974842767296,17.61635220125786,0,8
6,9,229.70454545454547,16.647727272727273,0,9
6,10,251.67045454545453,17.852272727272727,0,10
6,11,359.0153846153846,17.29230769230769,0,11
6,12,373.1434108527132,22.12015503875969,0,12
6,13,241.11724137931034,17.06206896551724,0,13
6,14,199.06521739130434,20.58695652173913,0,14
6,15,105.81463414634146,18.190243902439025,0,15
6,16,72.46099290780141,21.843971631205672,0,16
6,17,25.638297872340427,22.79787234042553,0,17
6,18,468.6808510638298,22.04255319148936,0,18
6,19,486.2654320987654,21.049382716049383,0,19
6,20,165.48936170212767,27.095744680851062,0,20
6,21,282.9318181818182,22.295454545454547,0,21
6,22,59.54109589041096,30.65068493150685,0,22
6,23,402.9,28.555555555555557,0,23
6,24,42.796460176991154,29.548672566371682,0,24
6,25,184.32380952380953,30.64761904761905,0,25
6,26,270.55725190839695,29.297709923664122,0,26
6,27,334.5686274509804,29.715686274509803,0,27
6,28,258.94685990338166,37.34299516908212,0,28
6,29,203.2439024390244,38.9390243902439,0,29
6,30,419.1101694915254,36.90677966101695,0,30
6,31,442.48148148148147,39.06172839506173,0,31
6,32,13.0,39.5,0,32
6,33,138.95172413793102,40.53793103448276,0,33
6,34,355.78350515463916,40.329896907216494,0,34
6,35,425.7238805970149,43.0,0,35
6,36,88.13917525773196,41.24742268041237,0,36
6,37,493.8256880733945,42.41284403669725,0,37
6,38,27.74829931972789,44.38095238095238,0,38
6,39,241.95862068965516,44.48275862068966,0,39
6,40,61.57142857142857,48.23809523809524,0,40
6,41,460.70103092783506,51.4639175257732,0,41
6,42,330.2748091603053,52.67175572519084,0,42
6,43,109.68449197860963,54.973262032085564,0,43
6,44,296.9712643678161,50.99425287356322,0,44
6,45,432.2289156626506,53.75903614457831,0,45
6,46,56.390625,56.359375,0,46
6,47,163.43575418994413,56.81005586592179,0,47
6,48,389.5373831775701,57.429906542056074,0,48
6,49,337.25,64.6829268292683,0,49
6,50,325.1020408163265,64.5578231292517,0,50
6,51,59.201298701298704,66.07792207792208,0,51
6,52,432.39310344827584,64.91724137931034,0,52
6,53,135.53398058252426,69.48543689320388,0,53
6,54,478.44444444444446,69.18518518518519,0,54
6,55,285.49107142857144,73.86607142857143,0,55
6,56,100.71323529411765,74.96323529411765,0,56
6,57,127.58695652173913,75.19565217391305,0,57
6,58,157.44270833333334,80.79166666666667,0,58
6,59,306.19191919191917,80.81818181818181,0,59
6,60,434.8,83.57435897435897,0,60
6,61,460.95238095238096,83.37142857142857,0,61
6,62,332.61052631578946,85.27368421052631,0,62
6,63,56.60700389105058,86.32295719844358,0,63
6,64,107.47407407407407,87.33333333333333,0,64
6,65,250.22592592592594,88.02222222222223,0,65
6,66,352.4803149606299,88.51181102362204,0,66
6,67,387.5430463576159,88.98013245033113,0,67
6,68,473.50467289719626,90.67289719626169,0,68
6,69,73.33201581027669,94.5494071146245,0,69
6,70,297.14159292035396,92.86725663716814,0,70
6,71,60.645390070921984,96.7517730496454,0,71
6,72,355.520325203252,100.39837398373983,0,72
6,73,210.1069182389937,100.80503144654088,0,73
6,74,324.8540145985401,100.77372262773723,0,74
6,75,403.6725663716814,104.7433628318584,0,75
6,76,301.6046511627907,108.47674418604652,0,76
6,77,492.76687116564415,108.31288343558282,0,77
6,78,293.9,110.775,0,78
6,79,343.78169014084506,110.85211267605634,0,79
6,80,480.0511627906977,110.08837209302325,0,80
6,81,277.4917491749175,111.39603960396039,0,81
6,82,368.0523560209424,116.35078534031413,0,82
6,83,315.6930693069307,118.45544554455445,0,83
6,84,133.23076923076923,120.09049773755656,0,84
6,85,243.890625,120.25,0,85
6,86,460.7704918032787,121.93442622950819,0,86
6,87,271.2295081967213,125.04918032786885,0,87
6,88,457.0379746835443,127.9493670886076,0,88
6,89,101.91549295774648,131.09859154929578,0,89
6,90,423.2638888888889,129.40277777777777,0,90
6,91,282.2694610778443,131.10179640718562,0,91
6,92,146.75572519083968,133.6793893129771,0,92
6,93,160.05426356589146,134.34108527131784,0,93
6,94,208.9387755102041,137.3673469387755,0,94
6,95,169.6048387096774,138.4758064516129,0,95
6,96,249.66666666666666,141.05925925925925,0,96
6,97,297.2307692307692,137.3846153846154,0,97
6,98,353.8176470588235,137.71764705882353,0,98
6,99,323.9795918367347,140.1734693877551,0,99
6,100,383.14529914529913,145.28205128205127,0,100
6,101,460.63247863247864,147.65811965811966,0,101
6,102,434.625641025641,151.85641025641024,0,102
6,103,198.61963190184048,153.39877300613497,0,103
6,104,402.5571428571429,152.0857142857143,0,104
6,105,137.07801418439718,151.27659574468086,0,105
6,106,447.32,154.45714285714286,0,106
6,107,284.495867768595,156.88429752066116,0,107
6,108,316.57471264367814,157.35632183908046,0,108
6,109,55.423529411764704,159.6705882352941,0,109
6,110,361.9491525423729,164.01694915254237,0,110
6,111,63.42372881355932,166.864406779661,0,111
6,112,333.3220338983051,167.0084745762712,0,112
6,113,83.4578313253012,172.5421686746988,0,113
6,114,255.66844919786095,173.72727272727272,0,114
6,115,399.4655172413793,176.94252873563218,0,115
6,116,439.9878048780488,177.0121951219512,0,116
6,117,472.19786096256684,176.2139037433155,0,117
6,118,362.6575342465753,178.91780821917808,0,118
6,119,459.0703125,188.859375,0,119
6,120,126.28025477707007,193.9108280254777,0,120
6,121,29.517391304347825,200.9913043478261,0,121
6,122,205.90212765957446,198.01702127659576,0,122
6,123,250.0104712041885,205.70157068062827,0,123
6,124,149.97101449275362,205.33333333333334,0,124
6,125,97.54587155963303,211.545871559633,0,125
6,126,168.768115942029,208.768115942029,0,126
6,127,298.2330623306233,211.07046070460706,0,127
6,128,412.19642857142856,210.48809523809524,0,128
6,129,226.94871794871796,214.5,0,129
6,130,168.51818181818183,215.25454545454545,0,130
6,131,447.89502762430936,216.91712707182322,0,131
6,132,213.125,225.35,0,132
6,133,462.95959595959596,230.010101010101,0,133
6,134,230.63392857142858,228.77678571428572,0,134
6,135,195.80575539568346,231.06474820143885,0,135
6,136,74.47428571428571,232.6457142857143,0,136
6,137,47.13095238095238,230.55357142857142,0,137
6,138,20.957943925233646,234.32242990654206,0,138
6,139,115.74660633484163,236.08597285067873,0,139
6,140,469.97241379310344,237.89655172413794,0,140
6,141,480.41052631578947,238.37894736842105,0,141
6,142,240.14705882352942,240.84558823529412,0,142
6,143,182.24489795918367,241.2925170068027,0,143
6,144,460.2019230769231,241.76923076923077,0,144
6,145,415.5644171779141,243.54601226993864,0,145
6,146,157.36567164179104,244.06716417910448,0,146
6,147,445.1219512195122,245.8048780487805,0,147
6,148,249.81756756756758,245.44594594594594,0,148
6,149,218.08056872037915,250.13744075829385,0,149
6,150,36.700934579439256,256.98130841121497,0,150
6,151,186.34567901234567,258.9320987654321,0,151
6,152,30.42528735632184,261.4597701149425,0,152
6,153,476.1707317073171,267.2317073170732,0,153
6,154,417.1736526946108,272.29940119760477,0,154
6,155,38.45454545454545,278.1735537190083,0,155
6,156,218.40104166666666,281.8125,0,156
6,157,446.3692307692308,283.5615384615385,0,157
6,158,163.1657458563536,285.9226519337017,0,158
6,159,489.02890173410407,288.09248554913296,0,159
6,160,243.71493212669682,299.84615384615387,0,160
6,161,288.34358974358975,310.37948717948717,0,161
6,162,497.6145833333333,311.5,0,162
6,163,417.8793969849246,315.91959798994975,0,163
6,164,60.504672897196265,319.49532710280374,0,164
6,165,337.6832298136646,321.6149068322981,0,165
6,166,464.5891472868217,322.9922480620155,0,166
6,167,256.95652173913044,327.0527950310559,0,167
6,168,13.318181818181818,333.8484848484849,0,168
6,169,344.26633165829145,336.51256281407035,0,169
6,170,274.5098039215686,338.96078431372547,0,170
6,171,497.1467391304348,338.375,0,171
6,172,438.64462809917353,340.21487603305786,0,172
6,173,481.35838150289015,348.4913294797688,0,173
6,174,200.66782006920414,358.1730103806228,0,174
6,175,84.58974358974359,355.53333333333336,0,175
6,176,299.72727272727275,359.1875,0,176
6,177,432.48571428571427,361.5857142857143,0,177
6,178,496.8034188034188,365.97435897435895,0,178
6,179,160.3,370.2625,0,179
6,180,238.64333333333335,369.82,0,180
6,181,436.22857142857146,376.1714285714286,0,181
6,182,17.80625,379.2125,0,182
6,183,164.46938775510205,380.11224489795916,0,183
6,184,482.6166666666667,380.55833333333334,0,184
6,185,192.82417582417582,391.66483516483515,0,185
6,186,267.85867237687364,395.88436830835116,0,186
6,187,463.26050420168065,392.07563025210084,0,187
6,188,504.44,399.6,0,188
6,189,156.43243243243242,405.93918918918916,0,189
6,190,439.7843137254902,406.1470588235294,0,190
6,191,491.6036363636364,409.69454545454545,0,191
6,192,68.21341463414635,416.969512195122,0,192
6,193,112.83464566929133,415.20472440944883,0,193
6,194,306.59558823529414,416.47058823529414,0,194
6,195,443.8205128205128,420.6666666666667,0,195
6,196,431.24657534246575,423.3972602739726,0,196
6,197,168.24285714285713,426.87142857142857,0,197
6,198,289.5874125874126,426.3916083916084,0,198
6,199,189.8617886178862,426.1626016260163,0,199
6,200,128.3310810810811,426.27702702702703,0,200
6,201,250.9532710280374,427.4672897196262,0,201
6,202,423.5131578947368,430.0657894736842,0,202
6,203,216.1509433962264,432.45283018867923,0,203
6,204,432.6894409937888,438.12422360248445,0,204
6,205,101.68604651162791,438.9593023255814,0,205
6,206,58.02857142857143,438.1657142857143,0,206
6,207,130.22058823529412,446.63235294117646,0,207
6,208,270.71812080536915,447.3422818791946,0,208
6,209,119.62857142857143,451.89285714285717,0,209
6,210,439.3170731707317,456.5853658536585,0,210
6,211,248.1413612565445,458.64921465968587,0,211
6,212,94.29629629629629,459.1259259259259,0,212
6,213,73.42424242424242,462.9318181818182,0,213
6,214,479.01801801801804,461.1981981981982,0,214
6,215,498.2269938650307,463.25766871165644,0,215
6,216,37.04968944099379,464.06832298136646,0,216
6,217,54.834782608695654,468.6521739130435,0,217
6,218,169.56593406593407,469.967032967033,0,218
6,219,121.7578125,469.09375,0,219
6,220,145.28671328671328,473.2097902097902,0,220
6,221,287.23295454545456,470.15340909090907,0,221
6,222,484.59550561797755,471.1685393258427,0,222
6,223,110.19642857142857,480.2916666666667,0,223
6,224,16.91891891891892,486.0067567567568,0,224
6,225,131.96666666666667,483.81666666666666,0,225
6,226,137.81720430107526,485.2795698924731,0,226
6,227,47.06837606837607,484.1965811965812,0,227
6,228,64.97633136094674,484.20710059171597,0,228
6,229,198.78048780487805,487.2829268292683,0,229
6,230,91.71527777777777,490.0208333333333,0,230
6,231,29.857142857142858,495.0952380952381,0,231
6,232,473.4347826086956,495.0507246376812,0,232
6,233,69.65248226950355,501.1418439716312,0,233
